Employee_ID,Age,Years_Experience,Salary,Performance_Score,Department_HR,Department_IT,Department_Marketing,Department_Sales,Remote_Worker_No,Remote_Worker_Yes
EMP_0001,30.0,3.0,57266,High,0,1,0,0,1,0
EMP_0002,33.69500438212095,7.0,83526,Low,0,0,1,0,1,0
EMP_0003,40.0,3.0,51889,Low,0,0,0,1,1,0
EMP_0004,35.0,2.0,64335,Medium,0,1,0,0,1,0
EMP_0005,25.0,2.0,51254,Low,0,0,0,1,0,1
EMP_0006,25.0,7.0,51442,Low,0,1,0,0,0,1
EMP_0007,22.0,5.0,86289,Medium,1,0,0,0,1,0
EMP_0008,50.0,2.0,93747,High,0,0,0,1,0,1
EMP_0009,35.0,2.0,77327,Medium,0,0,0,1,1,0
EMP_0010,40.0,1.0,56199,High,0,0,1,0,0,1
EMP_0011,22.0,5.0,112827,Medium,0,0,0,1,1,0
EMP_0012,33.69500438212095,7.0,40112,High,0,0,0,1,1,0
EMP_0013,45.0,2.0,59581,Medium,1,0,0,0,1,0
EMP_0014,25.0,1.0,99722,High,0,0,0,1,0,1
EMP_0015,25.0,1.0,56523,Medium,1,0,0,0,0,1
EMP_0016,25.0,3.0,106960,High,1,0,0,0,1,0
EMP_0017,30.0,2.0,59552,Medium,1,0,0,0,1,0
EMP_0018,35.0,7.0,50808,Low,1,0,0,0,0,1
EMP_0019,30.0,5.0,112525,High,0,1,0,0,0,1
EMP_0020,25.0,3.0,63620,Medium,0,0,1,0,0,1
EMP_0021,35.0,2.0,40887,High,0,1,0,0,0,1
EMP_0022,25.0,1.0,71802,High,0,0,0,1,0,1
EMP_0023,25.0,5.0,66049,Medium,0,1,0,0,1,0
EMP_0024,30.0,7.0,117789,High,0,1,0,0,0,1
EMP_0025,30.0,5.0,47846,Medium,0,0,0,1,1,0
EMP_0026,45.0,3.0,86220,Low,0,0,0,1,1,0
EMP_0027,25.0,1.0,86163,High,0,0,0,1,0,1
EMP_0028,35.0,3.0,43765,Low,0,1,0,0,0,1
EMP_0029,35.0,7.0,85270,High,0,1,0,0,1,0
EMP_0030,22.0,2.0,115277,High,0,0,0,1,0,1
EMP_0031,35.0,3.0,62931,High,0,0,1,0,1,0
EMP_0032,25.0,5.0,95633,Medium,0,0,1,0,0,1
EMP_0033,22.0,5.0,91913,Low,1,0,0,0,0,1
EMP_0034,50.0,7.0,65991,High,0,0,0,1,0,1
EMP_0035,33.69500438212095,10.0,94845,Medium,1,0,0,0,1,0
EMP_0036,45.0,5.0,95312,High,0,0,1,0,0,1
EMP_0037,30.0,1.0,50561,Medium,1,0,0,0,1,0
EMP_0038,22.0,2.0,56901,High,0,0,0,1,0,1
EMP_0039,40.0,15.0,102875,Low,0,0,0,1,1,0
EMP_0040,30.0,2.0,65917,Low,0,0,0,1,0,1
EMP_0041,25.0,3.0,102120,High,0,1,0,0,1,0
EMP_0042,30.0,3.0,41988,Medium,1,0,0,0,1,0
EMP_0043,22.0,3.0,54256,High,0,0,1,0,1,0
EMP_0044,50.0,5.0,68230,Medium,0,0,1,0,1,0
EMP_0045,25.0,15.0,99778,High,0,0,1,0,1,0
EMP_0046,40.0,2.0,85833,Medium,0,1,0,0,1,0
EMP_0047,30.0,1.0,62625,Low,0,1,0,0,0,1
EMP_0048,35.0,2.0,72088,High,0,0,0,1,1,0
EMP_0049,35.0,10.0,119650,Low,0,0,1,0,1,0
EMP_0050,25.0,5.0,81167,Low,0,1,0,0,1,0
EMP_0051,33.69500438212095,2.0,111291,High,0,0,0,1,0,1
EMP_0052,45.0,10.0,105303,High,0,0,1,0,0,1
EMP_0053,50.0,10.0,116361,Medium,1,0,0,0,0,1
EMP_0054,50.0,10.0,44117,Medium,0,0,0,1,1,0
EMP_0055,35.0,15.0,100710,Low,0,1,0,0,0,1
EMP_0056,50.0,2.0,107054,Medium,0,1,0,0,0,1
EMP_0057,22.0,7.0,70949,Medium,0,0,0,1,1,0
EMP_0058,25.0,3.0,62547,High,0,0,0,1,1,0
EMP_0059,22.0,10.0,108136,Medium,0,1,0,0,0,1
EMP_0060,30.0,7.0,104619,Low,1,0,0,0,1,0
EMP_0061,30.0,7.0,101842,Medium,0,0,1,0,1,0
EMP_0062,25.0,5.0,66990,Low,1,0,0,0,1,0
EMP_0063,45.0,2.0,56193,High,0,0,0,1,1,0
EMP_0064,30.0,3.0,70109,Low,1,0,0,0,0,1
EMP_0065,25.0,3.0,59233,Medium,0,1,0,0,1,0
EMP_0066,35.0,15.0,74510,High,0,0,0,1,0,1
EMP_0067,25.0,1.0,41306,Medium,0,0,1,0,0,1
EMP_0068,45.0,2.0,43849,High,0,1,0,0,0,1
EMP_0069,22.0,1.0,52360,High,0,1,0,0,0,1
EMP_0070,33.69500438212095,7.0,85800,Medium,0,0,1,0,1,0
EMP_0071,45.0,10.0,76963,Medium,0,0,1,0,1,0
EMP_0072,25.0,2.0,94330,High,1,0,0,0,1,0
EMP_0073,22.0,3.0,91707,High,0,0,0,1,0,1
EMP_0074,45.0,10.0,58689,Medium,0,0,1,0,0,1
EMP_0075,40.0,7.0,69084,Low,0,0,1,0,0,1
EMP_0076,40.0,3.0,80387,Medium,0,0,0,1,1,0
EMP_0077,45.0,5.0,114816,High,0,0,1,0,0,1
EMP_0078,22.0,3.0,42642,Medium,0,0,1,0,1,0
EMP_0079,30.0,2.0,82137,Low,1,0,0,0,1,0
EMP_0080,25.0,5.0,119832,Medium,0,1,0,0,1,0
EMP_0081,50.0,5.0,95561,High,0,1,0,0,1,0
EMP_0082,35.0,10.0,102260,Medium,0,1,0,0,0,1
EMP_0083,30.0,5.0,55438,High,0,1,0,0,1,0
EMP_0084,22.0,7.0,88442,High,0,0,1,0,0,1
EMP_0085,30.0,2.0,42994,Medium,0,0,0,1,1,0
EMP_0086,30.0,3.0,41813,High,0,0,0,1,0,1
EMP_0087,40.0,1.0,95276,High,1,0,0,0,0,1
EMP_0088,35.0,2.0,81243,Low,1,0,0,0,1,0
EMP_0089,50.0,7.0,102912,Low,0,0,1,0,1,0
EMP_0090,30.0,3.0,100272,Low,0,0,0,1,1,0
EMP_0091,25.0,1.0,82051,Low,0,0,0,1,0,1
EMP_0092,40.0,3.0,118854,High,0,1,0,0,1,0
EMP_0093,45.0,10.0,105618,Medium,0,0,1,0,1,0
EMP_0094,35.0,2.0,41920,High,0,0,1,0,0,1
EMP_0095,45.0,5.0,117219,High,0,1,0,0,1,0
EMP_0096,30.0,7.0,116872,High,0,0,1,0,0,1
EMP_0097,35.0,5.0,42093,Medium,0,0,1,0,1,0
EMP_0098,30.0,2.0,52905,Low,1,0,0,0,0,1
EMP_0099,22.0,3.0,64351,High,0,0,0,1,0,1
EMP_0100,25.0,7.0,70981,High,0,0,1,0,1,0
EMP_0101,22.0,5.0,113903,Low,1,0,0,0,0,1
EMP_0102,35.0,1.0,110821,High,0,0,0,1,1,0
EMP_0103,30.0,7.0,118513,Medium,0,1,0,0,1,0
EMP_0104,35.0,1.0,59874,High,1,0,0,0,0,1
EMP_0105,50.0,7.0,90931,High,1,0,0,0,1,0
EMP_0106,25.0,2.0,47674,Low,0,0,0,1,0,1
EMP_0107,30.0,3.0,90516,High,0,1,0,0,0,1
EMP_0108,45.0,3.0,100686,High,1,0,0,0,0,1
EMP_0109,25.0,2.0,109212,Medium,0,0,1,0,0,1
EMP_0110,22.0,1.0,42426,Low,0,0,1,0,0,1
EMP_0111,25.0,2.0,108498,Low,0,0,1,0,0,1
EMP_0112,25.0,10.0,69943,Medium,0,1,0,0,0,1
EMP_0113,50.0,3.0,106395,High,1,0,0,0,0,1
EMP_0114,45.0,3.0,84816,Low,0,0,1,0,1,0
EMP_0115,35.0,3.0,44138,Low,0,1,0,0,1,0
EMP_0116,50.0,7.0,115945,High,0,0,1,0,0,1
EMP_0117,45.0,10.0,44017,High,0,0,0,1,1,0
EMP_0118,25.0,5.0,50451,Low,1,0,0,0,1,0
EMP_0119,50.0,3.0,102956,High,1,0,0,0,1,0
EMP_0120,35.0,3.0,50278,Low,0,1,0,0,1,0
EMP_0121,45.0,5.0,83764,High,0,1,0,0,1,0
EMP_0122,50.0,1.0,41134,High,1,0,0,0,1,0
EMP_0123,30.0,5.0,102943,Medium,0,0,1,0,0,1
EMP_0124,25.0,3.0,94318,High,0,0,1,0,1,0
EMP_0125,25.0,7.0,100128,Medium,0,0,0,1,1,0
EMP_0126,30.0,1.0,61869,High,0,0,1,0,1,0
EMP_0127,45.0,5.0,45039,Low,0,1,0,0,1,0
EMP_0128,50.0,3.0,61281,Low,0,1,0,0,0,1
EMP_0129,22.0,5.0,50442,High,0,0,1,0,0,1
EMP_0130,35.0,1.0,113788,High,0,1,0,0,0,1
EMP_0131,30.0,5.0,67586,Low,1,0,0,0,0,1
EMP_0132,25.0,5.0,93053,High,1,0,0,0,1,0
EMP_0133,25.0,5.0,90489,Medium,0,0,1,0,0,1
EMP_0134,30.0,5.0,107087,Medium,1,0,0,0,0,1
EMP_0135,50.0,5.0,52625,Medium,1,0,0,0,0,1
EMP_0136,30.0,10.0,74397,Medium,0,0,0,1,0,1
EMP_0137,35.0,2.0,98671,Medium,0,0,0,1,1,0
EMP_0138,40.0,10.0,106897,High,1,0,0,0,0,1
EMP_0139,30.0,3.0,66149,High,0,0,1,0,1,0
EMP_0140,33.69500438212095,1.0,100030,Medium,0,0,0,1,0,1
EMP_0141,33.69500438212095,1.0,109906,High,0,1,0,0,1,0
EMP_0142,25.0,2.0,45283,High,0,1,0,0,1,0
EMP_0143,30.0,7.0,47610,Medium,0,1,0,0,0,1
EMP_0144,30.0,7.0,83326,High,0,0,1,0,0,1
EMP_0145,25.0,7.0,54924,High,1,0,0,0,0,1
EMP_0146,22.0,3.0,116162,High,0,1,0,0,0,1
EMP_0147,35.0,3.0,40869,Medium,0,0,1,0,1,0
EMP_0148,35.0,1.0,41014,High,0,0,0,1,1,0
EMP_0149,22.0,2.0,50103,Low,1,0,0,0,0,1
EMP_0150,25.0,3.0,73458,Low,0,0,0,1,0,1
EMP_0151,50.0,1.0,63248,Medium,0,0,1,0,1,0
EMP_0152,25.0,2.0,83516,Low,0,1,0,0,0,1
EMP_0153,25.0,5.0,69061,Medium,0,1,0,0,1,0
EMP_0154,30.0,7.0,64170,Low,0,0,1,0,0,1
EMP_0155,33.69500438212095,3.0,48024,Low,0,1,0,0,1,0
EMP_0156,25.0,15.0,83803,Low,1,0,0,0,1,0
EMP_0157,40.0,5.0,59296,Medium,0,0,1,0,1,0
EMP_0158,45.0,3.0,58257,Medium,0,0,0,1,1,0
EMP_0159,25.0,5.0,52855,High,0,0,1,0,1,0
EMP_0160,40.0,7.0,60025,Medium,1,0,0,0,0,1
EMP_0161,30.0,1.0,44458,Low,1,0,0,0,1,0
EMP_0162,35.0,3.0,103610,Low,0,0,1,0,0,1
EMP_0163,35.0,10.0,110843,Medium,0,0,1,0,1,0
EMP_0164,35.0,3.0,89831,Medium,0,1,0,0,1,0
EMP_0165,22.0,5.0,83427,Medium,1,0,0,0,0,1
EMP_0166,45.0,5.0,78506,High,0,0,1,0,0,1
EMP_0167,30.0,2.0,45668,Low,0,0,1,0,0,1
EMP_0168,25.0,3.0,87195,High,1,0,0,0,0,1
EMP_0169,22.0,2.0,113233,High,0,0,1,0,1,0
EMP_0170,35.0,1.0,64417,Low,0,1,0,0,0,1
EMP_0171,40.0,1.0,50751,Low,1,0,0,0,1,0
EMP_0172,22.0,10.0,86218,Medium,0,1,0,0,0,1
EMP_0173,35.0,2.0,47352,Medium,0,1,0,0,0,1
EMP_0174,25.0,3.0,119052,High,0,1,0,0,1,0
EMP_0175,35.0,2.0,68927,Medium,0,1,0,0,1,0
EMP_0176,25.0,15.0,81094,Medium,1,0,0,0,0,1
EMP_0177,40.0,2.0,94122,Low,0,1,0,0,1,0
EMP_0178,30.0,3.0,69493,Low,0,1,0,0,1,0
EMP_0179,50.0,10.0,113539,Medium,0,0,1,0,1,0
EMP_0180,25.0,10.0,71707,Low,1,0,0,0,1,0
EMP_0181,30.0,2.0,108814,Medium,1,0,0,0,1,0
EMP_0182,25.0,10.0,47296,Low,0,0,0,1,1,0
EMP_0183,50.0,3.0,65398,Low,1,0,0,0,1,0
EMP_0184,50.0,3.0,75842,Low,1,0,0,0,1,0
EMP_0185,25.0,1.0,53261,Low,0,0,0,1,0,1
EMP_0186,40.0,1.0,116709,Medium,1,0,0,0,1,0
EMP_0187,45.0,7.0,96704,High,1,0,0,0,0,1
EMP_0188,35.0,3.0,107173,Low,1,0,0,0,1,0
EMP_0189,35.0,3.0,71781,Medium,1,0,0,0,1,0
EMP_0190,25.0,7.0,53652,Medium,0,0,0,1,1,0
EMP_0191,22.0,7.0,45103,Low,1,0,0,0,1,0
EMP_0192,50.0,2.0,65500,High,1,0,0,0,0,1
EMP_0193,50.0,5.0,75529,Low,0,0,0,1,0,1
EMP_0194,35.0,1.0,58452,Medium,0,0,1,0,1,0
EMP_0195,30.0,7.0,89393,High,0,1,0,0,0,1
EMP_0196,30.0,5.0,71174,Medium,0,0,1,0,1,0
EMP_0197,40.0,3.0,104450,Low,0,0,0,1,1,0
EMP_0198,50.0,1.0,75436,High,0,1,0,0,0,1
EMP_0199,50.0,1.0,87406,Medium,0,0,0,1,0,1
EMP_0200,45.0,2.0,103059,Medium,0,0,0,1,1,0
EMP_0201,35.0,2.0,55954,Medium,1,0,0,0,1,0
EMP_0202,22.0,2.0,52356,Low,0,1,0,0,0,1
EMP_0203,25.0,15.0,42187,High,1,0,0,0,1,0
EMP_0204,50.0,2.0,117243,Low,0,1,0,0,0,1
EMP_0205,35.0,2.0,75098,Low,0,0,0,1,1,0
EMP_0206,22.0,7.0,61225,Low,0,0,0,1,1,0
EMP_0207,25.0,3.0,43606,High,0,0,1,0,0,1
EMP_0208,40.0,7.0,97620,Low,0,1,0,0,0,1
EMP_0209,22.0,1.0,72828,Low,1,0,0,0,0,1
EMP_0210,25.0,3.0,66489,Low,0,0,1,0,1,0
EMP_0211,35.0,1.0,54387,Low,0,0,1,0,1,0
EMP_0212,40.0,1.0,109463,Medium,0,0,1,0,1,0
EMP_0213,40.0,15.0,111832,Low,1,0,0,0,1,0
EMP_0214,25.0,1.0,42591,Medium,0,0,1,0,0,1
EMP_0215,40.0,3.0,88516,Low,1,0,0,0,1,0
EMP_0216,25.0,3.0,102061,High,0,0,1,0,1,0
EMP_0217,30.0,2.0,106736,Medium,1,0,0,0,1,0
EMP_0218,40.0,10.0,101753,Medium,0,0,0,1,0,1
EMP_0219,35.0,1.0,51087,Medium,0,0,0,1,1,0
EMP_0220,45.0,5.0,70816,Medium,0,0,0,1,1,0
EMP_0221,40.0,3.0,63408,High,0,0,0,1,0,1
EMP_0222,35.0,5.0,40136,Low,0,0,0,1,1,0
EMP_0223,22.0,15.0,57413,Medium,0,0,1,0,1,0
EMP_0224,30.0,1.0,99500,High,0,0,1,0,0,1
EMP_0225,25.0,3.0,96358,Medium,0,0,1,0,1,0
EMP_0226,25.0,2.0,106197,Low,1,0,0,0,1,0
EMP_0227,33.69500438212095,7.0,72854,Medium,1,0,0,0,1,0
EMP_0228,30.0,3.0,116240,High,1,0,0,0,0,1
EMP_0229,50.0,2.0,56322,Low,1,0,0,0,1,0
EMP_0230,35.0,5.0,46968,High,0,0,0,1,1,0
EMP_0231,45.0,2.0,67518,Low,0,0,0,1,0,1
EMP_0232,35.0,5.0,91925,Low,0,0,0,1,0,1
EMP_0233,35.0,3.0,99848,Low,0,1,0,0,1,0
EMP_0234,30.0,3.0,41700,Medium,0,0,1,0,1,0
EMP_0235,25.0,5.0,63199,High,1,0,0,0,1,0
EMP_0236,40.0,2.0,84589,High,1,0,0,0,1,0
EMP_0237,25.0,1.0,72115,High,0,0,0,1,0,1
EMP_0238,22.0,2.0,101934,Low,1,0,0,0,1,0
EMP_0239,35.0,2.0,94316,Medium,1,0,0,0,0,1
EMP_0240,25.0,2.0,45520,Low,0,0,1,0,0,1
EMP_0241,50.0,10.0,76455,High,0,0,0,1,1,0
EMP_0242,33.69500438212095,5.0,81605,Medium,0,0,1,0,1,0
EMP_0243,50.0,3.0,54955,Medium,0,1,0,0,0,1
EMP_0244,30.0,1.0,84049,Medium,0,1,0,0,0,1
EMP_0245,22.0,10.0,53917,High,0,1,0,0,1,0
EMP_0246,50.0,7.0,110293,Medium,0,0,0,1,0,1
EMP_0247,30.0,1.0,118581,Medium,1,0,0,0,1,0
EMP_0248,33.69500438212095,7.0,104925,Low,0,0,0,1,1,0
EMP_0249,33.69500438212095,3.0,110269,Low,0,0,0,1,0,1
EMP_0250,50.0,1.0,70954,Medium,1,0,0,0,0,1
EMP_0251,25.0,3.0,112617,Medium,0,0,1,0,1,0
EMP_0252,30.0,3.0,81458,Low,0,1,0,0,0,1
EMP_0253,50.0,2.0,61113,Low,0,0,1,0,1,0
EMP_0254,30.0,15.0,83939,Low,0,1,0,0,1,0
EMP_0255,25.0,10.0,69345,High,0,0,0,1,1,0
EMP_0256,35.0,5.0,86313,High,0,1,0,0,0,1
EMP_0257,50.0,3.0,109166,Low,0,0,0,1,1,0
EMP_0258,40.0,3.0,87861,Medium,0,0,1,0,1,0
EMP_0259,35.0,5.0,89298,Low,0,0,0,1,1,0
EMP_0260,22.0,3.0,87221,High,0,0,1,0,1,0
EMP_0261,35.0,1.0,84942,Medium,1,0,0,0,1,0
EMP_0262,33.69500438212095,3.0,43453,High,1,0,0,0,1,0
EMP_0263,25.0,10.0,94935,Medium,1,0,0,0,1,0
EMP_0264,35.0,3.0,83370,High,0,0,0,1,1,0
EMP_0265,50.0,1.0,48328,Medium,1,0,0,0,1,0
EMP_0266,40.0,7.0,55534,Medium,0,1,0,0,1,0
EMP_0267,40.0,2.0,76320,Medium,0,0,1,0,1,0
EMP_0268,40.0,2.0,89170,Medium,0,0,1,0,0,1
EMP_0269,30.0,2.0,48640,High,0,1,0,0,1,0
EMP_0270,25.0,2.0,70049,High,0,0,0,1,1,0
EMP_0271,45.0,7.0,45618,Medium,0,0,0,1,1,0
EMP_0272,45.0,3.0,96053,Medium,0,0,1,0,0,1
EMP_0273,50.0,2.0,41920,High,1,0,0,0,1,0
EMP_0274,50.0,10.0,83937,Medium,0,0,0,1,0,1
EMP_0275,35.0,10.0,109724,Medium,0,0,0,1,1,0
EMP_0276,35.0,10.0,52207,Medium,0,1,0,0,1,0
EMP_0277,45.0,2.0,105774,Low,0,1,0,0,0,1
EMP_0278,35.0,3.0,72972,Medium,1,0,0,0,1,0
EMP_0279,40.0,3.0,50799,Low,0,0,0,1,0,1
EMP_0280,45.0,7.0,111088,Medium,0,0,0,1,0,1
EMP_0281,50.0,1.0,68916,High,0,1,0,0,1,0
EMP_0282,30.0,1.0,110463,Low,0,0,0,1,1,0
EMP_0283,30.0,3.0,116700,Low,0,0,1,0,1,0
EMP_0284,22.0,15.0,77158,Medium,0,1,0,0,1,0
EMP_0285,35.0,3.0,111696,Medium,1,0,0,0,0,1
EMP_0286,22.0,3.0,101510,Low,0,1,0,0,0,1
EMP_0287,30.0,1.0,98692,High,0,0,0,1,1,0
EMP_0288,35.0,5.0,101744,High,1,0,0,0,0,1
EMP_0289,25.0,10.0,55810,Medium,0,1,0,0,0,1
EMP_0290,35.0,3.0,45126,High,0,0,1,0,1,0
EMP_0291,22.0,7.0,70009,High,0,0,1,0,0,1
EMP_0292,22.0,3.0,40192,Medium,0,1,0,0,0,1
EMP_0293,45.0,2.0,76413,High,0,0,1,0,1,0
EMP_0294,30.0,3.0,52816,Medium,0,0,1,0,0,1
EMP_0295,25.0,2.0,79082,Low,0,0,1,0,1,0
EMP_0296,35.0,7.0,105048,Medium,1,0,0,0,0,1
EMP_0297,45.0,5.0,90940,Low,0,0,1,0,1,0
EMP_0298,25.0,5.0,72130,Low,0,0,1,0,0,1
EMP_0299,35.0,7.0,80142,High,0,0,1,0,0,1
EMP_0300,22.0,3.0,76468,High,1,0,0,0,1,0
EMP_0301,22.0,15.0,70698,High,0,1,0,0,1,0
EMP_0302,35.0,3.0,50655,Medium,0,0,0,1,1,0
EMP_0303,35.0,2.0,87897,High,0,0,1,0,1,0
EMP_0304,35.0,5.0,70075,Low,0,1,0,0,0,1
EMP_0305,40.0,7.0,49359,High,0,0,1,0,0,1
EMP_0306,33.69500438212095,2.0,82056,High,1,0,0,0,0,1
EMP_0307,35.0,10.0,91831,Medium,0,1,0,0,1,0
EMP_0308,30.0,15.0,99191,Medium,1,0,0,0,0,1
EMP_0309,45.0,2.0,73272,Low,0,0,1,0,0,1
EMP_0310,25.0,3.0,54671,Medium,0,0,1,0,1,0
EMP_0311,30.0,1.0,67048,High,1,0,0,0,1,0
EMP_0312,22.0,2.0,116274,Medium,0,0,0,1,0,1
EMP_0313,22.0,2.0,65963,Low,1,0,0,0,1,0
EMP_0314,33.69500438212095,10.0,83954,High,0,0,1,0,0,1
EMP_0315,45.0,5.0,112309,Low,1,0,0,0,0,1
EMP_0316,40.0,2.0,40717,Medium,0,0,0,1,1,0
EMP_0317,30.0,3.0,51676,Medium,1,0,0,0,0,1
EMP_0318,25.0,5.0,44434,Low,0,0,0,1,1,0
EMP_0319,25.0,1.0,89810,High,0,0,0,1,1,0
EMP_0320,25.0,10.0,44994,Medium,1,0,0,0,0,1
EMP_0321,35.0,10.0,44234,Medium,1,0,0,0,0,1
EMP_0322,40.0,3.0,109300,High,0,1,0,0,0,1
EMP_0323,40.0,3.0,83949,Medium,0,0,1,0,1,0
EMP_0324,25.0,3.0,77405,Low,0,0,0,1,0,1
EMP_0325,33.69500438212095,3.0,74872,Medium,0,1,0,0,1,0
EMP_0326,40.0,5.0,82215,Medium,1,0,0,0,1,0
EMP_0327,35.0,5.0,63185,High,0,0,1,0,0,1
EMP_0328,35.0,2.0,83442,Low,0,1,0,0,1,0
EMP_0329,30.0,10.0,91759,High,0,0,0,1,0,1
EMP_0330,25.0,3.0,81153,Medium,0,1,0,0,0,1
EMP_0331,30.0,2.0,117535,Medium,0,0,0,1,0,1
EMP_0332,45.0,1.0,42581,High,1,0,0,0,0,1
EMP_0333,22.0,5.0,91717,High,0,0,1,0,0,1
EMP_0334,25.0,3.0,42763,High,0,0,1,0,0,1
EMP_0335,22.0,7.0,95480,Low,0,0,1,0,0,1
EMP_0336,22.0,10.0,78759,Medium,1,0,0,0,1,0
EMP_0337,50.0,1.0,116067,High,0,0,0,1,0,1
EMP_0338,40.0,7.0,65307,Medium,1,0,0,0,1,0
EMP_0339,30.0,2.0,51064,Low,0,0,1,0,1,0
EMP_0340,22.0,10.0,116848,Low,1,0,0,0,1,0
EMP_0341,30.0,10.0,77548,Low,1,0,0,0,0,1
EMP_0342,30.0,3.0,76945,Low,1,0,0,0,1,0
EMP_0343,25.0,7.0,87937,Medium,0,0,0,1,1,0
EMP_0344,30.0,2.0,46476,Low,0,1,0,0,0,1
EMP_0345,30.0,3.0,91756,Low,0,1,0,0,0,1
EMP_0346,35.0,10.0,42382,High,1,0,0,0,1,0
EMP_0347,35.0,3.0,89683,Low,0,1,0,0,0,1
EMP_0348,22.0,3.0,85276,High,0,1,0,0,0,1
EMP_0349,30.0,3.0,73402,Low,1,0,0,0,0,1
EMP_0350,35.0,10.0,66946,Low,1,0,0,0,0,1
EMP_0351,35.0,2.0,119698,High,0,0,1,0,1,0
EMP_0352,50.0,2.0,113933,Low,0,1,0,0,0,1
EMP_0353,40.0,7.0,62335,Medium,0,0,0,1,0,1
EMP_0354,25.0,10.0,85095,Medium,1,0,0,0,0,1
EMP_0355,22.0,1.0,119930,Low,0,0,1,0,1,0
EMP_0356,35.0,2.0,67197,Medium,0,0,0,1,1,0
EMP_0357,22.0,1.0,62010,High,0,1,0,0,0,1
EMP_0358,35.0,2.0,64123,Low,0,0,1,0,0,1
EMP_0359,50.0,3.0,42890,Low,1,0,0,0,1,0
EMP_0360,35.0,7.0,48026,High,0,0,0,1,0,1
EMP_0361,30.0,5.0,104925,High,1,0,0,0,0,1
EMP_0362,35.0,5.0,108842,High,0,1,0,0,1,0
EMP_0363,30.0,3.0,73665,Low,0,0,0,1,0,1
EMP_0364,35.0,10.0,49277,High,0,1,0,0,0,1
EMP_0365,50.0,3.0,82239,High,0,1,0,0,1,0
EMP_0366,30.0,3.0,87664,Medium,0,0,1,0,1,0
EMP_0367,33.69500438212095,5.0,88008,Medium,1,0,0,0,0,1
EMP_0368,50.0,1.0,54683,Low,0,0,0,1,1,0
EMP_0369,25.0,5.0,40670,Medium,0,1,0,0,0,1
EMP_0370,22.0,2.0,57889,Medium,0,1,0,0,0,1
EMP_0371,25.0,5.0,95612,High,0,0,0,1,0,1
EMP_0372,22.0,1.0,84535,High,0,1,0,0,1,0
EMP_0373,22.0,2.0,118542,Medium,0,0,1,0,1,0
EMP_0374,40.0,10.0,94319,Medium,0,0,1,0,0,1
EMP_0375,22.0,2.0,61639,Medium,0,0,1,0,0,1
EMP_0376,30.0,10.0,104712,Low,0,0,1,0,1,0
EMP_0377,45.0,2.0,56633,Low,0,1,0,0,1,0
EMP_0378,22.0,5.0,74660,Low,0,0,0,1,1,0
EMP_0379,45.0,5.0,108975,Medium,0,0,0,1,0,1
EMP_0380,25.0,3.0,72172,Medium,0,0,0,1,1,0
EMP_0381,25.0,2.0,99197,Low,0,0,0,1,1,0
EMP_0382,40.0,2.0,98847,Low,1,0,0,0,0,1
EMP_0383,35.0,1.0,51577,Medium,0,0,0,1,0,1
EMP_0384,50.0,2.0,117299,High,1,0,0,0,0,1
EMP_0385,40.0,5.0,60176,Low,1,0,0,0,1,0
EMP_0386,45.0,15.0,84386,Medium,0,0,1,0,0,1
EMP_0387,25.0,10.0,103972,Medium,1,0,0,0,0,1
EMP_0388,25.0,7.0,81003,High,0,1,0,0,0,1
EMP_0389,45.0,7.0,59996,Medium,1,0,0,0,0,1
EMP_0390,45.0,5.0,75931,Medium,0,0,1,0,1,0
EMP_0391,33.69500438212095,2.0,75710,Low,1,0,0,0,0,1
EMP_0392,30.0,15.0,74693,Low,0,1,0,0,1,0
EMP_0393,30.0,5.0,75740,High,0,1,0,0,1,0
EMP_0394,45.0,5.0,117241,High,0,1,0,0,1,0
EMP_0395,30.0,1.0,116502,Medium,0,0,1,0,0,1
EMP_0396,50.0,3.0,57374,Low,0,0,1,0,1,0
EMP_0397,50.0,3.0,116674,High,0,0,0,1,0,1
EMP_0398,30.0,10.0,85913,High,0,0,1,0,0,1
EMP_0399,45.0,3.0,106025,High,0,1,0,0,0,1
EMP_0400,45.0,3.0,84516,Medium,0,1,0,0,1,0
EMP_0401,25.0,3.0,66069,Low,0,0,1,0,0,1
EMP_0402,50.0,1.0,96233,High,1,0,0,0,0,1
EMP_0403,35.0,3.0,99049,Low,0,0,1,0,0,1
EMP_0404,45.0,1.0,79178,High,0,0,1,0,1,0
EMP_0405,30.0,7.0,72821,High,0,1,0,0,1,0
EMP_0406,50.0,15.0,91727,Low,0,0,0,1,1,0
EMP_0407,30.0,2.0,100935,Low,0,1,0,0,0,1
EMP_0408,22.0,10.0,56999,Low,0,0,0,1,1,0
EMP_0409,50.0,2.0,102522,Medium,0,1,0,0,0,1
EMP_0410,22.0,15.0,78712,High,0,0,1,0,0,1
EMP_0411,30.0,7.0,104551,Medium,0,1,0,0,1,0
EMP_0412,33.69500438212095,10.0,80172,Low,0,1,0,0,0,1
EMP_0413,33.69500438212095,1.0,73722,High,0,1,0,0,1,0
EMP_0414,35.0,3.0,50625,Medium,0,0,1,0,0,1
EMP_0415,35.0,7.0,107165,High,0,0,1,0,1,0
EMP_0416,30.0,2.0,116509,Medium,0,0,1,0,0,1
EMP_0417,25.0,10.0,46859,Low,0,0,1,0,0,1
EMP_0418,30.0,2.0,81609,Medium,0,0,0,1,0,1
EMP_0419,40.0,10.0,83307,High,0,0,0,1,0,1
EMP_0420,45.0,1.0,61839,High,1,0,0,0,0,1
EMP_0421,45.0,7.0,67216,High,0,0,1,0,1,0
EMP_0422,45.0,3.0,92953,High,0,0,0,1,0,1
EMP_0423,22.0,1.0,100593,Low,0,1,0,0,1,0
EMP_0424,30.0,2.0,112075,Medium,0,0,1,0,1,0
EMP_0425,22.0,1.0,89522,Low,1,0,0,0,1,0
EMP_0426,35.0,3.0,44886,Low,1,0,0,0,0,1
EMP_0427,30.0,2.0,47485,Low,1,0,0,0,0,1
EMP_0428,50.0,5.0,71455,High,0,1,0,0,0,1
EMP_0429,30.0,2.0,56767,High,0,0,0,1,1,0
EMP_0430,25.0,2.0,68453,High,0,1,0,0,0,1
EMP_0431,25.0,7.0,116280,Medium,0,0,1,0,0,1
EMP_0432,45.0,1.0,93442,High,1,0,0,0,1,0
EMP_0433,35.0,15.0,91877,Medium,0,1,0,0,1,0
EMP_0434,25.0,10.0,52226,High,0,1,0,0,1,0
EMP_0435,22.0,5.0,62588,High,0,0,0,1,1,0
EMP_0436,40.0,5.0,118976,Low,0,0,0,1,1,0
EMP_0437,22.0,10.0,71709,Low,1,0,0,0,1,0
EMP_0438,45.0,2.0,87788,Low,0,1,0,0,0,1
EMP_0439,40.0,1.0,77019,Medium,0,1,0,0,1,0
EMP_0440,22.0,2.0,84948,Medium,0,0,0,1,0,1
EMP_0441,22.0,7.0,105133,High,0,1,0,0,0,1
EMP_0442,33.69500438212095,1.0,106458,Medium,0,1,0,0,0,1
EMP_0443,30.0,5.0,67526,High,0,1,0,0,1,0
EMP_0444,30.0,3.0,113493,Medium,0,0,0,1,0,1
EMP_0445,45.0,10.0,92198,Medium,1,0,0,0,1,0
EMP_0446,50.0,3.0,83395,Medium,0,0,1,0,1,0
EMP_0447,33.69500438212095,1.0,64031,Low,1,0,0,0,0,1
EMP_0448,45.0,10.0,115542,Medium,0,0,1,0,1,0
EMP_0449,30.0,5.0,77701,Low,0,1,0,0,0,1
EMP_0450,22.0,1.0,65939,Low,1,0,0,0,0,1
EMP_0451,45.0,1.0,89145,Medium,0,0,1,0,1,0
EMP_0452,35.0,15.0,60324,High,0,0,0,1,0,1
EMP_0453,30.0,5.0,62867,High,0,0,0,1,0,1
EMP_0454,50.0,10.0,40203,High,1,0,0,0,0,1
EMP_0455,25.0,10.0,56544,Medium,1,0,0,0,1,0
EMP_0456,30.0,5.0,55899,High,0,1,0,0,0,1
EMP_0457,22.0,3.0,69063,Low,1,0,0,0,1,0
EMP_0458,30.0,3.0,43748,High,0,1,0,0,1,0
EMP_0459,22.0,2.0,106629,Medium,0,1,0,0,0,1
EMP_0460,25.0,3.0,60884,High,0,0,0,1,0,1
EMP_0461,25.0,7.0,65183,Low,0,0,0,1,1,0
EMP_0462,35.0,5.0,111246,Medium,0,0,1,0,1,0
EMP_0463,40.0,10.0,59259,High,0,0,0,1,0,1
EMP_0464,35.0,3.0,75959,Medium,0,0,0,1,0,1
EMP_0465,33.69500438212095,5.0,73457,Medium,1,0,0,0,1,0
EMP_0466,30.0,5.0,42103,Medium,0,0,0,1,1,0
EMP_0467,25.0,5.0,105901,High,0,0,1,0,1,0
EMP_0468,50.0,7.0,84535,Medium,1,0,0,0,1,0
EMP_0469,25.0,2.0,56103,High,0,0,1,0,1,0
EMP_0470,33.69500438212095,3.0,118278,Low,0,0,0,1,0,1
EMP_0471,22.0,1.0,52391,High,0,0,1,0,1,0
EMP_0472,33.69500438212095,3.0,68901,Low,1,0,0,0,1,0
EMP_0473,22.0,3.0,107914,High,0,1,0,0,0,1
EMP_0474,50.0,5.0,90357,Medium,0,0,1,0,0,1
EMP_0475,35.0,3.0,78437,High,0,0,1,0,1,0
EMP_0476,33.69500438212095,5.0,75503,Medium,1,0,0,0,1,0
EMP_0477,22.0,7.0,115403,Low,1,0,0,0,0,1
EMP_0478,35.0,3.0,81258,High,0,0,1,0,1,0
EMP_0479,33.69500438212095,5.0,73724,Medium,0,0,0,1,1,0
EMP_0480,35.0,1.0,104286,Low,0,0,1,0,0,1
EMP_0481,35.0,2.0,114842,Low,1,0,0,0,1,0
EMP_0482,40.0,3.0,54908,High,0,1,0,0,0,1
EMP_0483,30.0,3.0,90626,Low,0,1,0,0,0,1
EMP_0484,35.0,1.0,77228,Medium,0,0,0,1,0,1
EMP_0485,35.0,1.0,63386,Low,0,0,1,0,0,1
EMP_0486,50.0,2.0,86754,Low,0,1,0,0,1,0
EMP_0487,22.0,3.0,68302,Medium,0,0,1,0,0,1
EMP_0488,25.0,2.0,100815,Low,1,0,0,0,1,0
EMP_0489,33.69500438212095,3.0,103344,Low,0,1,0,0,1,0
EMP_0490,50.0,2.0,75618,Low,0,0,0,1,1,0
EMP_0491,30.0,5.0,116234,Low,1,0,0,0,1,0
EMP_0492,35.0,2.0,101114,Medium,0,0,0,1,1,0
EMP_0493,25.0,2.0,110130,Low,1,0,0,0,0,1
EMP_0494,25.0,3.0,65525,Medium,0,1,0,0,0,1
EMP_0495,30.0,1.0,119818,Low,0,0,0,1,0,1
EMP_0496,30.0,1.0,54334,Low,0,0,0,1,0,1
EMP_0497,35.0,2.0,102767,Low,1,0,0,0,1,0
EMP_0498,22.0,1.0,46644,Low,0,0,0,1,0,1
EMP_0499,33.69500438212095,1.0,72933,Medium,1,0,0,0,1,0
EMP_0500,33.69500438212095,2.0,83469,Medium,1,0,0,0,1,0
EMP_0501,40.0,10.0,73687,Medium,1,0,0,0,0,1
EMP_0502,35.0,5.0,92656,High,1,0,0,0,0,1
EMP_0503,30.0,3.0,57375,Low,0,1,0,0,0,1
EMP_0504,45.0,2.0,105206,Low,1,0,0,0,0,1
EMP_0505,40.0,15.0,76607,Medium,0,0,1,0,1,0
EMP_0506,25.0,3.0,63993,High,0,0,0,1,1,0
EMP_0507,50.0,1.0,84386,Low,0,0,1,0,0,1
EMP_0508,45.0,5.0,86287,Medium,0,1,0,0,1,0
EMP_0509,50.0,1.0,116312,Low,0,0,1,0,1,0
EMP_0510,40.0,2.0,115324,Low,0,0,0,1,1,0
EMP_0511,35.0,3.0,111196,Medium,0,0,1,0,0,1
EMP_0512,30.0,10.0,110014,Medium,0,1,0,0,1,0
EMP_0513,50.0,3.0,48210,Low,1,0,0,0,0,1
EMP_0514,50.0,7.0,50922,Low,0,0,1,0,0,1
EMP_0515,22.0,3.0,76289,Medium,0,1,0,0,1,0
EMP_0516,22.0,1.0,73340,Low,0,1,0,0,1,0
EMP_0517,30.0,2.0,79850,Low,0,0,0,1,0,1
EMP_0518,45.0,3.0,96984,Medium,0,0,0,1,1,0
EMP_0519,33.69500438212095,3.0,51094,Low,0,0,1,0,1,0
EMP_0520,25.0,3.0,73418,Low,1,0,0,0,0,1
EMP_0521,35.0,15.0,45741,High,0,1,0,0,0,1
EMP_0522,30.0,7.0,112374,Medium,0,0,1,0,0,1
EMP_0523,33.69500438212095,5.0,108798,High,0,1,0,0,0,1
EMP_0524,45.0,2.0,110532,High,0,1,0,0,1,0
EMP_0525,45.0,10.0,62164,High,1,0,0,0,1,0
EMP_0526,30.0,3.0,75595,Low,1,0,0,0,0,1
EMP_0527,30.0,10.0,70257,Low,0,0,1,0,0,1
EMP_0528,25.0,1.0,54211,High,1,0,0,0,0,1
EMP_0529,22.0,5.0,45232,High,1,0,0,0,1,0
EMP_0530,50.0,1.0,107753,High,0,0,1,0,0,1
EMP_0531,45.0,2.0,92691,Low,1,0,0,0,1,0
EMP_0532,33.69500438212095,1.0,119768,High,0,0,0,1,0,1
EMP_0533,33.69500438212095,5.0,65613,High,0,1,0,0,0,1
EMP_0534,35.0,5.0,54026,Medium,0,1,0,0,0,1
EMP_0535,45.0,1.0,93535,Medium,0,1,0,0,1,0
EMP_0536,50.0,3.0,70908,Low,0,1,0,0,1,0
EMP_0537,45.0,3.0,92113,Medium,0,0,1,0,1,0
EMP_0538,25.0,3.0,59610,Medium,0,1,0,0,0,1
EMP_0539,30.0,1.0,86646,Medium,0,1,0,0,1,0
EMP_0540,25.0,3.0,103185,Low,0,1,0,0,1,0
EMP_0541,33.69500438212095,7.0,112567,Medium,0,1,0,0,0,1
EMP_0542,35.0,1.0,87574,Low,0,0,0,1,0,1
EMP_0543,25.0,1.0,76182,High,0,1,0,0,1,0
EMP_0544,40.0,3.0,40570,Medium,0,0,0,1,1,0
EMP_0545,35.0,15.0,59288,Low,0,0,1,0,1,0
EMP_0546,30.0,5.0,118824,Medium,1,0,0,0,1,0
EMP_0547,25.0,5.0,69877,High,0,1,0,0,0,1
EMP_0548,40.0,3.0,40917,Low,1,0,0,0,0,1
EMP_0549,35.0,5.0,115602,Low,1,0,0,0,0,1
EMP_0550,45.0,1.0,104575,Low,0,0,1,0,1,0
EMP_0551,35.0,5.0,112518,High,1,0,0,0,1,0
EMP_0552,50.0,15.0,79104,High,0,0,0,1,0,1
EMP_0553,35.0,5.0,58062,High,1,0,0,0,0,1
EMP_0554,35.0,10.0,56999,Low,1,0,0,0,1,0
EMP_0555,50.0,7.0,101845,High,1,0,0,0,1,0
EMP_0556,30.0,1.0,49941,Medium,0,1,0,0,0,1
EMP_0557,25.0,15.0,101169,High,0,1,0,0,0,1
EMP_0558,22.0,1.0,63470,Low,0,0,0,1,0,1
EMP_0559,45.0,3.0,99821,Medium,0,0,0,1,1,0
EMP_0560,35.0,1.0,84435,High,0,1,0,0,1,0
EMP_0561,40.0,1.0,44529,Medium,0,0,0,1,1,0
EMP_0562,25.0,3.0,52192,Medium,0,1,0,0,1,0
EMP_0563,25.0,2.0,114102,Low,0,0,1,0,1,0
EMP_0564,22.0,3.0,112762,Medium,1,0,0,0,1,0
EMP_0565,30.0,5.0,74087,Medium,1,0,0,0,0,1
EMP_0566,35.0,1.0,106677,Low,0,0,0,1,0,1
EMP_0567,30.0,1.0,44627,Low,0,1,0,0,1,0
EMP_0568,30.0,5.0,96541,Low,0,1,0,0,0,1
EMP_0569,50.0,2.0,108226,Medium,0,0,0,1,1,0
EMP_0570,30.0,7.0,43255,Medium,0,1,0,0,0,1
EMP_0571,35.0,5.0,97433,Medium,0,0,1,0,1,0
EMP_0572,45.0,10.0,45213,Low,1,0,0,0,0,1
EMP_0573,30.0,5.0,59404,High,0,0,0,1,0,1
EMP_0574,35.0,3.0,65380,Medium,0,0,0,1,1,0
EMP_0575,50.0,5.0,59173,High,0,1,0,0,1,0
EMP_0576,50.0,2.0,93027,Low,0,0,0,1,0,1
EMP_0577,25.0,2.0,63989,Medium,0,0,1,0,0,1
EMP_0578,50.0,7.0,64519,High,0,1,0,0,1,0
EMP_0579,30.0,3.0,62439,Medium,0,1,0,0,0,1
EMP_0580,25.0,7.0,116949,Medium,0,1,0,0,1,0
EMP_0581,30.0,10.0,54995,Medium,0,1,0,0,1,0
EMP_0582,33.69500438212095,10.0,63559,High,0,0,1,0,0,1
EMP_0583,30.0,15.0,45021,Low,0,1,0,0,1,0
EMP_0584,30.0,3.0,61119,Medium,0,0,0,1,0,1
EMP_0585,35.0,2.0,91539,Low,0,0,1,0,0,1
EMP_0586,25.0,5.0,79350,Low,1,0,0,0,1,0
EMP_0587,22.0,3.0,86223,High,1,0,0,0,0,1
EMP_0588,25.0,5.0,65517,High,0,0,0,1,1,0
EMP_0589,25.0,7.0,118653,Low,0,0,0,1,1,0
EMP_0590,25.0,5.0,62250,Medium,0,0,1,0,1,0
EMP_0591,25.0,3.0,106798,High,1,0,0,0,0,1
EMP_0592,35.0,2.0,94199,Medium,1,0,0,0,1,0
EMP_0593,25.0,3.0,99546,Medium,1,0,0,0,0,1
EMP_0594,30.0,1.0,43327,Medium,1,0,0,0,1,0
EMP_0595,50.0,10.0,69768,Low,1,0,0,0,1,0
EMP_0596,30.0,2.0,104418,Medium,0,1,0,0,1,0
EMP_0597,40.0,2.0,82788,Low,0,0,0,1,0,1
EMP_0598,25.0,1.0,86830,Low,0,1,0,0,0,1
EMP_0599,25.0,5.0,92446,Medium,1,0,0,0,1,0
EMP_0600,22.0,5.0,55160,Medium,0,0,1,0,1,0
EMP_0601,25.0,2.0,96583,Medium,0,0,1,0,0,1
EMP_0602,25.0,1.0,73998,Medium,1,0,0,0,0,1
EMP_0603,25.0,3.0,67230,Low,1,0,0,0,0,1
EMP_0604,22.0,2.0,49076,Medium,0,0,1,0,1,0
EMP_0605,25.0,5.0,109341,Medium,0,1,0,0,0,1
EMP_0606,30.0,5.0,71085,Low,0,1,0,0,1,0
EMP_0607,25.0,3.0,95571,High,1,0,0,0,0,1
EMP_0608,30.0,2.0,54715,High,0,1,0,0,1,0
EMP_0609,35.0,3.0,45750,Low,0,0,1,0,1,0
EMP_0610,40.0,3.0,118768,High,0,1,0,0,1,0
EMP_0611,22.0,5.0,75903,Low,1,0,0,0,0,1
EMP_0612,45.0,1.0,112489,Medium,0,0,1,0,0,1
EMP_0613,35.0,3.0,72093,Medium,0,1,0,0,0,1
EMP_0614,22.0,1.0,74314,High,0,0,0,1,1,0
EMP_0615,50.0,3.0,88225,Medium,0,0,1,0,1,0
EMP_0616,50.0,3.0,75179,High,0,0,1,0,0,1
EMP_0617,22.0,3.0,65338,High,0,0,0,1,1,0
EMP_0618,25.0,1.0,109681,Medium,0,0,0,1,1,0
EMP_0619,45.0,1.0,72101,Medium,0,0,1,0,1,0
EMP_0620,40.0,3.0,42775,High,0,0,0,1,0,1
EMP_0621,25.0,2.0,85619,Medium,1,0,0,0,1,0
EMP_0622,25.0,1.0,85838,Low,1,0,0,0,0,1
EMP_0623,30.0,7.0,59539,Medium,1,0,0,0,0,1
EMP_0624,30.0,3.0,97124,Medium,0,0,1,0,0,1
EMP_0625,35.0,2.0,105149,Low,0,0,0,1,0,1
EMP_0626,30.0,15.0,66616,Medium,0,0,0,1,0,1
EMP_0627,30.0,1.0,119655,Medium,0,1,0,0,1,0
EMP_0628,40.0,3.0,94567,High,0,1,0,0,0,1
EMP_0629,22.0,2.0,77099,Medium,0,0,0,1,0,1
EMP_0630,25.0,10.0,115831,Medium,0,0,0,1,0,1
EMP_0631,40.0,5.0,101799,Low,0,0,0,1,1,0
EMP_0632,50.0,10.0,65479,High,0,0,1,0,1,0
EMP_0633,35.0,3.0,86172,High,0,0,0,1,1,0
EMP_0634,35.0,2.0,95863,High,0,1,0,0,1,0
EMP_0635,25.0,3.0,82043,Medium,0,0,1,0,0,1
EMP_0636,30.0,3.0,55408,High,0,0,0,1,0,1
EMP_0637,35.0,3.0,97980,Low,0,1,0,0,1,0
EMP_0638,25.0,2.0,56351,High,0,0,1,0,1,0
EMP_0639,25.0,3.0,44131,Low,0,0,0,1,1,0
EMP_0640,30.0,2.0,84825,High,0,0,0,1,1,0
EMP_0641,22.0,5.0,51349,High,0,0,0,1,0,1
EMP_0642,30.0,3.0,100931,Low,0,0,1,0,1,0
EMP_0643,25.0,7.0,84254,High,0,1,0,0,1,0
EMP_0644,30.0,10.0,78225,High,0,1,0,0,1,0
EMP_0645,25.0,3.0,52453,High,1,0,0,0,1,0
EMP_0646,50.0,2.0,58814,Medium,0,0,0,1,1,0
EMP_0647,35.0,2.0,58263,Low,1,0,0,0,1,0
EMP_0648,40.0,2.0,117694,High,1,0,0,0,1,0
EMP_0649,45.0,1.0,55735,Low,0,1,0,0,0,1
EMP_0650,30.0,2.0,55830,Low,0,0,1,0,0,1
EMP_0651,22.0,2.0,87893,Low,0,0,1,0,0,1
EMP_0652,35.0,3.0,84673,High,0,1,0,0,0,1
EMP_0653,35.0,5.0,85066,High,0,0,1,0,0,1
EMP_0654,40.0,2.0,43373,Low,1,0,0,0,0,1
EMP_0655,30.0,5.0,50335,Medium,0,0,0,1,1,0
EMP_0656,25.0,1.0,63741,Low,0,1,0,0,1,0
EMP_0657,25.0,3.0,50692,Medium,0,0,0,1,0,1
EMP_0658,30.0,5.0,87295,Low,0,0,1,0,1,0
EMP_0659,35.0,3.0,85541,Low,0,0,0,1,0,1
EMP_0660,35.0,3.0,74057,Low,0,0,1,0,1,0
EMP_0661,30.0,3.0,106983,High,0,0,1,0,1,0
EMP_0662,33.69500438212095,10.0,59583,Medium,1,0,0,0,1,0
EMP_0663,35.0,5.0,62765,Medium,0,0,1,0,1,0
EMP_0664,25.0,5.0,99287,Low,1,0,0,0,1,0
EMP_0665,25.0,5.0,63906,High,1,0,0,0,1,0
EMP_0666,25.0,2.0,119675,High,1,0,0,0,0,1
EMP_0667,25.0,3.0,86525,Medium,0,1,0,0,0,1
EMP_0668,25.0,1.0,78230,High,0,1,0,0,1,0
EMP_0669,25.0,3.0,59520,Medium,0,0,1,0,0,1
EMP_0670,25.0,3.0,91934,Medium,1,0,0,0,1,0
EMP_0671,25.0,2.0,65566,Medium,0,1,0,0,0,1
EMP_0672,50.0,3.0,113193,High,1,0,0,0,1,0
EMP_0673,22.0,15.0,70134,Medium,0,0,0,1,0,1
EMP_0674,35.0,7.0,50345,Medium,0,0,0,1,1,0
EMP_0675,30.0,3.0,81185,Low,0,0,0,1,0,1
EMP_0676,33.69500438212095,10.0,110744,Medium,0,0,1,0,1,0
EMP_0677,25.0,1.0,73455,Medium,1,0,0,0,0,1
EMP_0678,30.0,7.0,68018,Low,0,0,0,1,1,0
EMP_0679,33.69500438212095,1.0,94219,Low,0,1,0,0,1,0
EMP_0680,50.0,7.0,85991,High,0,0,0,1,1,0
EMP_0681,45.0,2.0,113616,Medium,0,0,0,1,0,1
EMP_0682,25.0,10.0,49486,High,0,0,0,1,0,1
EMP_0683,25.0,15.0,78862,High,0,0,1,0,0,1
EMP_0684,40.0,1.0,98870,Low,0,1,0,0,1,0
EMP_0685,50.0,3.0,83856,High,1,0,0,0,0,1
EMP_0686,35.0,3.0,71379,Medium,0,1,0,0,1,0
EMP_0687,35.0,3.0,104729,Low,1,0,0,0,0,1
EMP_0688,25.0,10.0,68378,Medium,0,0,1,0,0,1
EMP_0689,45.0,5.0,94353,Medium,0,0,1,0,0,1
EMP_0690,25.0,3.0,89996,Low,0,0,1,0,0,1
EMP_0691,30.0,2.0,54031,Medium,0,0,1,0,1,0
EMP_0692,30.0,2.0,105982,Low,1,0,0,0,0,1
EMP_0693,35.0,7.0,76683,Medium,0,0,0,1,0,1
EMP_0694,25.0,3.0,57618,Low,1,0,0,0,1,0
EMP_0695,25.0,3.0,46587,High,0,1,0,0,1,0
EMP_0696,35.0,3.0,102790,Medium,0,0,1,0,0,1
EMP_0697,25.0,5.0,71480,Low,0,0,1,0,0,1
EMP_0698,35.0,10.0,60527,Medium,0,1,0,0,1,0
EMP_0699,25.0,3.0,63569,Medium,1,0,0,0,1,0
EMP_0700,30.0,3.0,51151,Medium,0,0,0,1,1,0
EMP_0701,35.0,10.0,111094,Low,0,0,0,1,0,1
EMP_0702,22.0,7.0,99174,High,0,1,0,0,0,1
EMP_0703,30.0,5.0,84739,High,0,0,0,1,0,1
EMP_0704,25.0,3.0,72954,High,1,0,0,0,1,0
EMP_0705,22.0,2.0,75303,Low,1,0,0,0,1,0
EMP_0706,33.69500438212095,1.0,74700,High,0,1,0,0,1,0
EMP_0707,30.0,10.0,107568,Low,1,0,0,0,0,1
EMP_0708,45.0,3.0,106788,Medium,0,0,1,0,1,0
EMP_0709,25.0,10.0,111045,Medium,0,1,0,0,0,1
EMP_0710,40.0,10.0,77842,High,1,0,0,0,1,0
EMP_0711,45.0,1.0,53900,Low,0,1,0,0,0,1
EMP_0712,35.0,10.0,41881,Medium,0,0,0,1,0,1
EMP_0713,30.0,3.0,73037,Low,1,0,0,0,1,0
EMP_0714,30.0,3.0,41630,Low,0,0,1,0,0,1
EMP_0715,30.0,5.0,60789,Medium,1,0,0,0,1,0
EMP_0716,50.0,15.0,86151,Low,0,1,0,0,0,1
EMP_0717,45.0,1.0,88920,Medium,0,1,0,0,1,0
EMP_0718,33.69500438212095,3.0,107231,Medium,1,0,0,0,1,0
EMP_0719,25.0,5.0,43262,Medium,0,0,1,0,0,1
EMP_0720,40.0,7.0,106981,Low,0,0,1,0,1,0
EMP_0721,50.0,5.0,115485,Medium,0,0,1,0,0,1
EMP_0722,25.0,1.0,94722,Low,0,1,0,0,1,0
EMP_0723,22.0,2.0,90818,Medium,1,0,0,0,1,0
EMP_0724,40.0,3.0,69932,Medium,0,0,0,1,1,0
EMP_0725,35.0,10.0,46901,High,0,1,0,0,1,0
EMP_0726,45.0,2.0,48597,High,0,0,1,0,0,1
EMP_0727,25.0,2.0,103909,High,1,0,0,0,1,0
EMP_0728,45.0,3.0,112391,Low,0,0,1,0,1,0
EMP_0729,25.0,1.0,48263,Low,0,0,0,1,0,1
EMP_0730,25.0,3.0,103293,Medium,0,0,1,0,0,1
EMP_0731,25.0,5.0,65805,Medium,0,0,1,0,0,1
EMP_0732,45.0,10.0,51874,Medium,0,0,0,1,0,1
EMP_0733,40.0,2.0,54079,Medium,1,0,0,0,0,1
EMP_0734,35.0,1.0,89850,Low,0,1,0,0,0,1
EMP_0735,30.0,7.0,112779,Medium,1,0,0,0,1,0
EMP_0736,50.0,10.0,49018,Medium,0,0,0,1,0,1
EMP_0737,30.0,7.0,89500,High,0,0,1,0,1,0
EMP_0738,45.0,1.0,52100,Medium,1,0,0,0,0,1
EMP_0739,30.0,7.0,97021,Medium,0,1,0,0,1,0
EMP_0740,30.0,7.0,59800,Medium,0,0,0,1,1,0
EMP_0741,30.0,5.0,103400,Low,1,0,0,0,1,0
EMP_0742,30.0,7.0,69437,High,0,1,0,0,0,1
EMP_0743,40.0,10.0,116537,Medium,0,0,0,1,0,1
EMP_0744,35.0,5.0,86675,Medium,0,1,0,0,0,1
EMP_0745,25.0,1.0,59942,High,0,0,0,1,0,1
EMP_0746,50.0,3.0,60862,Medium,0,0,1,0,1,0
EMP_0747,30.0,1.0,51669,Low,1,0,0,0,0,1
EMP_0748,35.0,3.0,93772,Medium,0,1,0,0,1,0
EMP_0749,50.0,3.0,55916,Low,0,0,0,1,1,0
EMP_0750,35.0,1.0,50878,Low,0,1,0,0,0,1
EMP_0751,25.0,2.0,42985,Medium,0,1,0,0,0,1
EMP_0752,50.0,1.0,113648,High,1,0,0,0,0,1
EMP_0753,35.0,10.0,81235,Low,0,0,1,0,1,0
EMP_0754,30.0,15.0,58931,High,0,1,0,0,0,1
EMP_0755,25.0,1.0,40336,Medium,0,0,0,1,1,0
EMP_0756,45.0,3.0,82933,Low,0,0,0,1,0,1
EMP_0757,35.0,3.0,85536,Medium,0,0,1,0,1,0
EMP_0758,35.0,2.0,109504,High,0,0,0,1,0,1
EMP_0759,50.0,1.0,91148,Medium,0,0,1,0,0,1
EMP_0760,45.0,3.0,56279,Medium,0,0,0,1,1,0
EMP_0761,25.0,7.0,108665,Low,1,0,0,0,0,1
EMP_0762,30.0,7.0,111386,Medium,0,1,0,0,0,1
EMP_0763,25.0,1.0,117485,Medium,1,0,0,0,0,1
EMP_0764,40.0,1.0,114055,Medium,0,1,0,0,0,1
EMP_0765,22.0,3.0,117273,Low,0,1,0,0,0,1
EMP_0766,35.0,2.0,106670,High,0,1,0,0,0,1
EMP_0767,45.0,2.0,116474,High,1,0,0,0,0,1
EMP_0768,50.0,2.0,94028,Medium,0,1,0,0,1,0
EMP_0769,30.0,10.0,111128,Low,1,0,0,0,1,0
EMP_0770,45.0,15.0,58108,Medium,0,0,1,0,0,1
EMP_0771,25.0,3.0,92495,High,0,0,0,1,0,1
EMP_0772,45.0,15.0,116533,Low,0,0,0,1,0,1
EMP_0773,25.0,2.0,96830,High,0,1,0,0,1,0
EMP_0774,30.0,3.0,114640,High,1,0,0,0,1,0
EMP_0775,45.0,2.0,92509,Low,0,0,0,1,0,1
EMP_0776,25.0,5.0,106406,Low,1,0,0,0,1,0
EMP_0777,25.0,3.0,79519,Medium,1,0,0,0,0,1
EMP_0778,40.0,5.0,89649,Medium,0,1,0,0,0,1
EMP_0779,40.0,3.0,74524,High,0,0,0,1,0,1
EMP_0780,35.0,5.0,73885,Low,0,1,0,0,0,1
EMP_0781,40.0,1.0,84369,Low,0,1,0,0,1,0
EMP_0782,35.0,10.0,70676,Medium,0,0,0,1,1,0
EMP_0783,25.0,3.0,104093,High,0,0,0,1,0,1
EMP_0784,30.0,3.0,87764,High,0,0,1,0,1,0
EMP_0785,25.0,5.0,90799,Medium,0,0,1,0,1,0
EMP_0786,50.0,5.0,119414,Low,1,0,0,0,0,1
EMP_0787,35.0,1.0,112307,Medium,0,0,0,1,1,0
EMP_0788,30.0,5.0,71923,Medium,0,0,1,0,0,1
EMP_0789,30.0,2.0,118388,Medium,1,0,0,0,0,1
EMP_0790,50.0,7.0,87574,Medium,1,0,0,0,0,1
EMP_0791,25.0,10.0,83391,Low,1,0,0,0,0,1
EMP_0792,35.0,10.0,93664,Medium,0,0,1,0,1,0
EMP_0793,35.0,5.0,107384,Low,0,0,0,1,0,1
EMP_0794,35.0,3.0,71027,Medium,0,1,0,0,1,0
EMP_0795,22.0,1.0,75464,High,1,0,0,0,0,1
EMP_0796,50.0,7.0,74485,Low,0,0,1,0,0,1
EMP_0797,50.0,2.0,59456,High,0,0,1,0,1,0
EMP_0798,35.0,3.0,114795,Medium,0,1,0,0,0,1
EMP_0799,40.0,2.0,75554,Medium,0,1,0,0,1,0
EMP_0800,50.0,1.0,86922,Medium,0,0,1,0,1,0
EMP_0801,40.0,5.0,53409,Low,0,0,0,1,0,1
EMP_0802,25.0,1.0,109327,High,0,1,0,0,0,1
EMP_0803,35.0,7.0,76639,Low,0,0,1,0,0,1
EMP_0804,35.0,2.0,103627,Low,0,1,0,0,0,1
EMP_0805,30.0,1.0,59692,Medium,0,0,0,1,0,1
EMP_0806,40.0,3.0,118840,High,1,0,0,0,0,1
EMP_0807,50.0,1.0,94200,Medium,0,1,0,0,1,0
EMP_0808,50.0,2.0,97415,Low,0,0,0,1,1,0
EMP_0809,30.0,7.0,58074,Medium,0,0,1,0,0,1
EMP_0810,25.0,1.0,55549,High,0,1,0,0,1,0
EMP_0811,33.69500438212095,10.0,69963,Medium,0,1,0,0,1,0
EMP_0812,45.0,1.0,92265,High,0,0,1,0,0,1
EMP_0813,25.0,2.0,56061,High,1,0,0,0,0,1
EMP_0814,50.0,7.0,98226,Medium,0,0,1,0,1,0
EMP_0815,50.0,2.0,68810,Low,0,1,0,0,0,1
EMP_0816,35.0,1.0,100006,Medium,0,0,1,0,1,0
EMP_0817,35.0,3.0,62800,Low,0,0,0,1,0,1
EMP_0818,30.0,2.0,115476,Low,0,0,1,0,1,0
EMP_0819,22.0,10.0,109460,Medium,0,1,0,0,1,0
EMP_0820,30.0,2.0,97767,Low,0,0,1,0,1,0
EMP_0821,45.0,7.0,68054,Low,1,0,0,0,1,0
EMP_0822,22.0,10.0,115319,Medium,0,0,1,0,0,1
EMP_0823,30.0,3.0,85397,Medium,1,0,0,0,0,1
EMP_0824,30.0,15.0,53233,Medium,0,0,0,1,1,0
EMP_0825,35.0,3.0,65068,Low,1,0,0,0,1,0
EMP_0826,50.0,3.0,105727,High,0,0,1,0,0,1
EMP_0827,30.0,1.0,110453,Low,0,1,0,0,0,1
EMP_0828,30.0,5.0,65832,High,1,0,0,0,1,0
EMP_0829,40.0,3.0,53682,Medium,0,0,0,1,1,0
EMP_0830,30.0,3.0,63383,High,1,0,0,0,1,0
EMP_0831,25.0,5.0,98160,Medium,1,0,0,0,1,0
EMP_0832,30.0,7.0,63666,Medium,1,0,0,0,1,0
EMP_0833,25.0,1.0,98817,High,0,0,0,1,0,1
EMP_0834,25.0,2.0,74642,Medium,0,0,1,0,1,0
EMP_0835,30.0,7.0,81830,High,1,0,0,0,0,1
EMP_0836,30.0,5.0,50234,Medium,1,0,0,0,0,1
EMP_0837,50.0,3.0,97616,Low,0,1,0,0,0,1
EMP_0838,30.0,7.0,49221,Low,0,0,0,1,1,0
EMP_0839,35.0,3.0,51410,Medium,1,0,0,0,0,1
EMP_0840,35.0,7.0,101413,Medium,0,0,0,1,0,1
EMP_0841,22.0,2.0,41051,High,1,0,0,0,0,1
EMP_0842,40.0,1.0,115301,Low,0,0,1,0,0,1
EMP_0843,25.0,7.0,116918,High,0,0,1,0,1,0
EMP_0844,33.69500438212095,5.0,118116,Medium,1,0,0,0,1,0
EMP_0845,25.0,1.0,96563,Medium,0,0,1,0,0,1
EMP_0846,30.0,3.0,84757,High,1,0,0,0,0,1
EMP_0847,22.0,3.0,117475,Medium,0,0,1,0,1,0
EMP_0848,33.69500438212095,3.0,91257,Low,0,1,0,0,1,0
EMP_0849,35.0,3.0,40307,High,0,1,0,0,1,0
EMP_0850,35.0,3.0,96889,Low,0,1,0,0,0,1
EMP_0851,22.0,2.0,108895,Low,0,0,0,1,1,0
EMP_0852,40.0,3.0,75944,Low,0,0,0,1,0,1
EMP_0853,25.0,3.0,78134,High,0,1,0,0,0,1
EMP_0854,50.0,1.0,67323,Medium,0,0,0,1,1,0
EMP_0855,25.0,7.0,111762,Low,0,0,1,0,0,1
EMP_0856,25.0,3.0,65954,Low,1,0,0,0,1,0
EMP_0857,22.0,10.0,95021,Low,1,0,0,0,0,1
EMP_0858,30.0,10.0,119866,Medium,1,0,0,0,1,0
EMP_0859,35.0,2.0,110427,Medium,0,1,0,0,0,1
EMP_0860,22.0,5.0,44992,High,0,0,0,1,0,1
EMP_0861,45.0,3.0,41961,Medium,0,0,1,0,1,0
EMP_0862,30.0,10.0,52497,High,0,0,1,0,1,0
EMP_0863,35.0,2.0,72551,High,0,1,0,0,1,0
EMP_0864,30.0,5.0,116384,High,0,0,1,0,1,0
EMP_0865,30.0,5.0,95755,High,0,0,1,0,0,1
EMP_0866,35.0,2.0,53255,High,0,0,1,0,1,0
EMP_0867,25.0,1.0,44567,Low,0,0,1,0,1,0
EMP_0868,25.0,5.0,88847,Medium,0,0,0,1,0,1
EMP_0869,50.0,7.0,88003,Low,0,0,1,0,1,0
EMP_0870,50.0,2.0,60389,High,1,0,0,0,1,0
EMP_0871,30.0,5.0,84523,Medium,0,1,0,0,0,1
EMP_0872,25.0,3.0,101576,Low,0,0,0,1,1,0
EMP_0873,35.0,7.0,83919,Low,0,0,1,0,1,0
EMP_0874,30.0,2.0,43358,High,0,0,0,1,1,0
EMP_0875,22.0,10.0,116524,Low,0,0,1,0,1,0
EMP_0876,25.0,2.0,45698,Low,1,0,0,0,1,0
EMP_0877,40.0,3.0,106809,Low,0,1,0,0,1,0
EMP_0878,40.0,1.0,95805,Low,0,0,1,0,0,1
EMP_0879,22.0,1.0,71349,Low,0,0,1,0,1,0
EMP_0880,25.0,3.0,116777,High,0,0,1,0,0,1
EMP_0881,25.0,2.0,90248,High,0,0,1,0,0,1
EMP_0882,40.0,10.0,115033,Low,0,1,0,0,0,1
EMP_0883,22.0,1.0,84041,High,0,1,0,0,0,1
EMP_0884,25.0,3.0,71954,High,1,0,0,0,1,0
EMP_0885,45.0,2.0,48002,Medium,0,1,0,0,1,0
EMP_0886,25.0,1.0,109783,Low,0,0,1,0,1,0
EMP_0887,40.0,1.0,59738,High,1,0,0,0,0,1
EMP_0888,25.0,3.0,50703,High,1,0,0,0,1,0
EMP_0889,22.0,3.0,89422,Low,1,0,0,0,1,0
EMP_0890,25.0,3.0,101899,Medium,0,0,1,0,1,0
EMP_0891,40.0,3.0,52392,Low,0,0,0,1,0,1
EMP_0892,50.0,5.0,84724,Medium,0,0,1,0,0,1
EMP_0893,45.0,1.0,72299,Low,0,1,0,0,1,0
EMP_0894,30.0,3.0,55641,Low,0,1,0,0,0,1
EMP_0895,40.0,3.0,119534,Low,0,0,1,0,0,1
EMP_0896,25.0,3.0,46305,Low,0,0,1,0,1,0
EMP_0897,25.0,5.0,58782,Medium,1,0,0,0,0,1
EMP_0898,50.0,2.0,118257,Medium,0,0,1,0,0,1
EMP_0899,22.0,7.0,117963,High,1,0,0,0,1,0
EMP_0900,22.0,7.0,60566,Low,0,1,0,0,0,1
EMP_0901,25.0,3.0,107766,Medium,1,0,0,0,0,1
EMP_0902,22.0,3.0,46511,Medium,0,0,1,0,0,1
EMP_0903,25.0,1.0,66177,Medium,0,1,0,0,0,1
EMP_0904,35.0,1.0,44765,Low,0,0,0,1,0,1
EMP_0905,30.0,7.0,60354,High,1,0,0,0,0,1
EMP_0906,50.0,10.0,63929,Medium,0,1,0,0,0,1
EMP_0907,45.0,1.0,68820,Low,1,0,0,0,0,1
EMP_0908,30.0,2.0,69523,Medium,0,1,0,0,1,0
EMP_0909,25.0,1.0,111088,Medium,0,1,0,0,1,0
EMP_0910,30.0,2.0,106163,High,1,0,0,0,1,0
EMP_0911,35.0,7.0,117525,Medium,0,0,0,1,1,0
EMP_0912,25.0,3.0,53780,Medium,0,1,0,0,0,1
EMP_0913,35.0,2.0,46589,Low,0,1,0,0,1,0
EMP_0914,30.0,3.0,74812,Low,0,1,0,0,1,0
EMP_0915,35.0,1.0,85939,High,0,0,0,1,0,1
EMP_0916,30.0,2.0,91493,Low,0,0,0,1,0,1
EMP_0917,25.0,5.0,80953,Low,0,0,1,0,0,1
EMP_0918,50.0,3.0,105785,High,1,0,0,0,0,1
EMP_0919,45.0,10.0,59309,Medium,0,0,0,1,0,1
EMP_0920,25.0,1.0,94195,High,1,0,0,0,1,0
EMP_0921,50.0,10.0,65901,Low,0,0,1,0,0,1
EMP_0922,30.0,7.0,63576,High,1,0,0,0,1,0
EMP_0923,50.0,7.0,71508,Medium,0,0,0,1,1,0
EMP_0924,45.0,3.0,114711,High,1,0,0,0,0,1
EMP_0925,30.0,3.0,65464,Low,0,0,0,1,1,0
EMP_0926,22.0,2.0,100281,Low,1,0,0,0,1,0
EMP_0927,25.0,1.0,56260,High,0,0,0,1,0,1
EMP_0928,35.0,2.0,75440,Medium,0,0,0,1,1,0
EMP_0929,35.0,2.0,96683,High,1,0,0,0,1,0
EMP_0930,25.0,3.0,81430,Medium,0,0,1,0,1,0
EMP_0931,25.0,7.0,41987,Medium,0,1,0,0,0,1
EMP_0932,45.0,3.0,65105,High,0,0,1,0,0,1
EMP_0933,33.69500438212095,1.0,118484,Medium,1,0,0,0,0,1
EMP_0934,35.0,3.0,53026,Low,0,0,1,0,1,0
EMP_0935,25.0,15.0,108309,High,0,0,0,1,0,1
EMP_0936,25.0,7.0,85927,Medium,0,1,0,0,1,0
EMP_0937,22.0,3.0,115414,Low,1,0,0,0,0,1
EMP_0938,50.0,3.0,97535,High,1,0,0,0,1,0
EMP_0939,25.0,3.0,82946,Low,1,0,0,0,0,1
EMP_0940,35.0,1.0,96561,Low,0,1,0,0,0,1
EMP_0941,25.0,3.0,50377,Low,0,0,0,1,1,0
EMP_0942,35.0,2.0,93592,Medium,1,0,0,0,0,1
EMP_0943,40.0,2.0,47347,High,0,0,1,0,1,0
EMP_0944,45.0,1.0,73776,High,1,0,0,0,0,1
EMP_0945,25.0,5.0,43783,Medium,1,0,0,0,0,1
EMP_0946,22.0,7.0,95798,High,1,0,0,0,1,0
EMP_0947,25.0,5.0,44298,Low,1,0,0,0,1,0
EMP_0948,50.0,1.0,110204,High,0,0,0,1,1,0
EMP_0949,50.0,10.0,95161,Medium,0,0,1,0,0,1
EMP_0950,35.0,5.0,100652,Low,0,0,0,1,1,0
EMP_0951,35.0,3.0,74484,Medium,0,0,1,0,0,1
EMP_0952,40.0,5.0,60922,Low,1,0,0,0,1,0
EMP_0953,25.0,2.0,74028,Low,0,1,0,0,1,0
EMP_0954,50.0,2.0,60316,High,0,0,0,1,1,0
EMP_0955,30.0,15.0,116996,Low,0,1,0,0,1,0
EMP_0956,30.0,2.0,56968,Medium,0,0,0,1,1,0
EMP_0957,35.0,3.0,70266,High,1,0,0,0,1,0
EMP_0958,22.0,10.0,64000,Medium,0,0,0,1,0,1
EMP_0959,25.0,7.0,54011,Low,1,0,0,0,1,0
EMP_0960,40.0,1.0,42866,Medium,0,0,0,1,0,1
EMP_0961,22.0,1.0,45898,Medium,1,0,0,0,1,0
EMP_0962,35.0,1.0,58395,Low,1,0,0,0,1,0
EMP_0963,25.0,5.0,79019,High,0,0,1,0,1,0
EMP_0964,30.0,3.0,44006,Medium,1,0,0,0,0,1
EMP_0965,25.0,1.0,74393,Low,0,0,1,0,0,1
EMP_0966,30.0,3.0,50956,High,1,0,0,0,1,0
EMP_0967,40.0,3.0,90042,High,0,1,0,0,0,1
EMP_0968,25.0,2.0,46078,High,1,0,0,0,1,0
EMP_0969,35.0,3.0,69631,Medium,0,1,0,0,1,0
EMP_0970,30.0,5.0,102901,Medium,0,1,0,0,0,1
EMP_0971,40.0,1.0,109497,Medium,1,0,0,0,0,1
EMP_0972,50.0,2.0,81574,High,0,1,0,0,0,1
EMP_0973,40.0,10.0,71417,Medium,0,0,1,0,0,1
EMP_0974,25.0,3.0,105006,Low,0,0,0,1,1,0
EMP_0975,22.0,3.0,79454,Medium,1,0,0,0,0,1
EMP_0976,25.0,3.0,41587,Medium,0,1,0,0,0,1
EMP_0977,35.0,1.0,94710,High,1,0,0,0,1,0
EMP_0978,22.0,2.0,115886,Medium,0,0,1,0,0,1
EMP_0979,30.0,3.0,58816,Low,1,0,0,0,0,1
EMP_0980,35.0,2.0,69432,High,1,0,0,0,0,1
EMP_0981,30.0,1.0,88617,Low,0,1,0,0,0,1
EMP_0982,45.0,10.0,112373,High,0,0,1,0,1,0
EMP_0983,25.0,3.0,74217,High,0,0,0,1,1,0
EMP_0984,22.0,7.0,60884,Medium,0,0,0,1,0,1
EMP_0985,40.0,10.0,45454,Low,0,1,0,0,0,1
EMP_0986,30.0,2.0,114960,High,1,0,0,0,1,0
EMP_0987,40.0,3.0,83618,Medium,0,1,0,0,0,1
EMP_0988,30.0,2.0,102671,High,0,1,0,0,0,1
EMP_0989,25.0,3.0,87111,High,0,1,0,0,0,1
EMP_0990,45.0,3.0,79613,High,1,0,0,0,0,1
EMP_0991,45.0,7.0,99993,High,0,0,1,0,0,1
EMP_0992,40.0,3.0,48848,High,0,1,0,0,0,1
EMP_0993,25.0,5.0,118672,High,1,0,0,0,0,1
EMP_0994,35.0,2.0,106125,Medium,0,0,1,0,0,1
EMP_0995,30.0,3.0,101602,High,0,1,0,0,0,1
EMP_0996,22.0,5.0,112045,Low,0,0,0,1,1,0
EMP_0997,50.0,1.0,82222,Medium,0,0,1,0,1,0
EMP_0998,25.0,5.0,89223,Low,0,1,0,0,1,0
EMP_0999,33.69500438212095,3.0,105333,High,0,0,1,0,0,1
EMP_1000,30.0,2.0,92732,Low,0,0,1,0,0,1
EMP_1001,25.0,7.0,89420,High,0,0,1,0,1,0
EMP_1002,35.0,15.0,115504,High,0,0,1,0,0,1
EMP_1003,50.0,15.0,42462,Medium,0,0,1,0,1,0
EMP_1004,40.0,3.0,49460,Medium,0,0,1,0,0,1
EMP_1005,45.0,3.0,49275,High,0,1,0,0,1,0
EMP_1006,40.0,3.0,53269,Medium,0,0,0,1,1,0
EMP_1007,40.0,7.0,105942,Low,1,0,0,0,1,0
EMP_1008,45.0,2.0,112920,Medium,0,0,1,0,0,1
EMP_1009,25.0,3.0,62553,Medium,1,0,0,0,1,0
EMP_1010,30.0,7.0,64366,Low,0,1,0,0,0,1
EMP_1011,25.0,2.0,84036,Medium,0,0,1,0,0,1
EMP_1012,33.69500438212095,5.0,57369,High,0,0,0,1,0,1
EMP_1013,50.0,5.0,51795,Low,1,0,0,0,0,1
EMP_1014,22.0,2.0,110021,High,0,0,1,0,0,1
EMP_1015,40.0,5.0,108154,Low,0,1,0,0,0,1
EMP_1016,50.0,7.0,70143,High,0,0,0,1,0,1
EMP_1017,25.0,3.0,69425,High,1,0,0,0,1,0
EMP_1018,35.0,1.0,115139,Medium,1,0,0,0,1,0
EMP_1019,50.0,1.0,45368,High,0,0,1,0,1,0
EMP_1020,22.0,3.0,44621,Medium,0,0,0,1,0,1
EMP_1021,40.0,15.0,98829,Low,0,0,0,1,0,1
EMP_1022,25.0,2.0,100294,High,0,0,0,1,0,1
EMP_1023,50.0,5.0,54719,High,0,0,0,1,0,1
EMP_1024,33.69500438212095,2.0,69227,Low,0,1,0,0,1,0
EMP_1025,50.0,2.0,47566,Low,0,0,0,1,0,1
EMP_1026,30.0,10.0,52306,High,1,0,0,0,1,0
EMP_1027,50.0,7.0,93822,Low,1,0,0,0,0,1
EMP_1028,45.0,1.0,64042,Medium,0,1,0,0,1,0
EMP_1029,30.0,3.0,55086,Low,1,0,0,0,0,1
EMP_1030,45.0,1.0,57387,Low,1,0,0,0,1,0
EMP_1031,22.0,3.0,67042,High,0,0,0,1,0,1
EMP_1032,35.0,5.0,91618,Medium,1,0,0,0,1,0
EMP_1033,25.0,1.0,58323,Low,0,1,0,0,0,1
EMP_1034,25.0,2.0,58019,Medium,0,0,0,1,1,0
EMP_1035,22.0,3.0,115426,Medium,0,0,1,0,1,0
EMP_1036,40.0,15.0,80863,Medium,0,0,0,1,0,1
EMP_1037,30.0,3.0,50283,High,0,1,0,0,1,0
EMP_1038,40.0,1.0,58279,Low,0,0,0,1,0,1
EMP_1039,22.0,7.0,86999,High,0,0,0,1,0,1
EMP_1040,30.0,3.0,102780,Low,0,1,0,0,0,1
EMP_1041,35.0,3.0,62908,Low,0,0,0,1,1,0
EMP_1042,45.0,7.0,101584,High,0,1,0,0,1,0
EMP_1043,30.0,15.0,90225,Medium,0,1,0,0,0,1
EMP_1044,35.0,3.0,77952,Medium,0,0,1,0,0,1
EMP_1045,50.0,5.0,77663,Low,1,0,0,0,1,0
EMP_1046,35.0,3.0,101381,High,1,0,0,0,1,0
EMP_1047,25.0,7.0,87929,Medium,0,0,0,1,1,0
EMP_1048,22.0,2.0,49343,Medium,0,0,0,1,0,1
EMP_1049,50.0,5.0,116173,Low,0,0,1,0,0,1
EMP_1050,22.0,3.0,79791,Low,0,0,1,0,0,1
EMP_1051,50.0,5.0,69134,High,0,0,1,0,0,1
EMP_1052,35.0,2.0,87101,Low,0,1,0,0,0,1
EMP_1053,50.0,2.0,109443,Medium,0,0,1,0,1,0
EMP_1054,45.0,15.0,97530,Medium,0,0,1,0,0,1
EMP_1055,33.69500438212095,1.0,86799,Medium,0,0,0,1,1,0
EMP_1056,30.0,3.0,44827,Medium,0,0,1,0,1,0
EMP_1057,45.0,2.0,102653,High,0,1,0,0,0,1
EMP_1058,30.0,1.0,53699,High,0,1,0,0,1,0
EMP_1059,30.0,1.0,45313,Low,0,0,0,1,0,1
EMP_1060,35.0,2.0,53598,Low,0,0,1,0,1,0
EMP_1061,50.0,10.0,68807,Low,0,0,1,0,0,1
EMP_1062,33.69500438212095,2.0,110423,High,0,1,0,0,0,1
EMP_1063,45.0,3.0,109390,Medium,0,0,1,0,1,0
EMP_1064,30.0,5.0,85226,Low,0,0,1,0,0,1
EMP_1065,30.0,3.0,99550,Medium,0,0,1,0,1,0
EMP_1066,40.0,5.0,43558,Low,1,0,0,0,0,1
EMP_1067,25.0,3.0,115308,Low,0,0,0,1,0,1
EMP_1068,25.0,7.0,90113,Low,1,0,0,0,0,1
EMP_1069,30.0,2.0,92999,Low,0,0,0,1,1,0
EMP_1070,25.0,3.0,95878,Low,0,1,0,0,1,0
EMP_1071,25.0,10.0,76343,Medium,0,0,1,0,0,1
EMP_1072,25.0,15.0,98219,Low,0,0,0,1,1,0
EMP_1073,22.0,10.0,75186,Medium,1,0,0,0,0,1
EMP_1074,22.0,3.0,76966,High,0,0,1,0,1,0
EMP_1075,33.69500438212095,7.0,73769,Low,0,1,0,0,1,0
EMP_1076,30.0,3.0,93218,Medium,0,0,0,1,0,1
EMP_1077,30.0,3.0,59229,High,0,0,0,1,0,1
EMP_1078,40.0,2.0,115209,High,0,0,0,1,0,1
EMP_1079,25.0,5.0,67877,High,0,0,1,0,0,1
EMP_1080,50.0,2.0,98001,Medium,1,0,0,0,0,1
EMP_1081,45.0,2.0,78084,Low,1,0,0,0,1,0
EMP_1082,22.0,10.0,56806,Low,0,0,0,1,1,0
EMP_1083,30.0,2.0,77034,Medium,0,1,0,0,0,1
EMP_1084,50.0,1.0,80317,Low,0,1,0,0,0,1
EMP_1085,50.0,1.0,95468,Medium,1,0,0,0,0,1
EMP_1086,30.0,15.0,59094,Low,0,1,0,0,1,0
EMP_1087,35.0,3.0,97796,High,1,0,0,0,0,1
EMP_1088,25.0,3.0,50589,Low,0,0,0,1,0,1
EMP_1089,33.69500438212095,10.0,97221,Medium,1,0,0,0,1,0
EMP_1090,25.0,10.0,41657,Medium,1,0,0,0,1,0
EMP_1091,50.0,2.0,79531,High,0,0,0,1,1,0
EMP_1092,35.0,5.0,92227,Medium,0,1,0,0,1,0
EMP_1093,35.0,7.0,43164,Low,1,0,0,0,0,1
EMP_1094,35.0,5.0,81247,Low,1,0,0,0,1,0
EMP_1095,25.0,2.0,59601,High,0,0,0,1,1,0
EMP_1096,25.0,10.0,90599,Medium,0,1,0,0,0,1
EMP_1097,25.0,3.0,111545,High,1,0,0,0,0,1
EMP_1098,25.0,2.0,44552,Low,0,0,0,1,0,1
EMP_1099,45.0,3.0,49417,High,1,0,0,0,1,0
EMP_1100,30.0,1.0,98579,Medium,0,0,1,0,0,1
EMP_1101,22.0,1.0,108207,High,0,0,0,1,1,0
EMP_1102,33.69500438212095,7.0,112055,Medium,0,1,0,0,1,0
EMP_1103,50.0,1.0,118270,Medium,0,1,0,0,1,0
EMP_1104,50.0,3.0,43722,Low,0,1,0,0,0,1
EMP_1105,33.69500438212095,3.0,110442,Low,0,1,0,0,1,0
EMP_1106,25.0,1.0,80031,Low,1,0,0,0,0,1
EMP_1107,30.0,3.0,119235,Medium,1,0,0,0,0,1
EMP_1108,45.0,2.0,61438,High,0,1,0,0,0,1
EMP_1109,40.0,2.0,98819,Medium,0,1,0,0,1,0
EMP_1110,25.0,2.0,83856,Low,0,1,0,0,1,0
EMP_1111,45.0,2.0,73576,Low,1,0,0,0,1,0
EMP_1112,25.0,1.0,81938,High,0,1,0,0,0,1
EMP_1113,25.0,7.0,89028,Low,0,1,0,0,1,0
EMP_1114,35.0,3.0,99807,Low,0,0,1,0,1,0
EMP_1115,35.0,2.0,89877,Low,0,0,1,0,1,0
EMP_1116,35.0,5.0,83461,High,0,1,0,0,1,0
EMP_1117,22.0,7.0,80469,Medium,0,0,0,1,1,0
EMP_1118,50.0,10.0,60435,Low,0,1,0,0,0,1
EMP_1119,25.0,3.0,54191,High,0,0,1,0,0,1
EMP_1120,25.0,2.0,67386,Low,0,0,0,1,0,1
EMP_1121,50.0,2.0,71721,High,0,0,0,1,0,1
EMP_1122,33.69500438212095,7.0,94786,Low,0,1,0,0,1,0
EMP_1123,50.0,10.0,53704,High,0,0,1,0,0,1
EMP_1124,45.0,2.0,96635,Low,0,0,1,0,1,0
EMP_1125,40.0,3.0,42123,Medium,0,0,0,1,0,1
EMP_1126,35.0,15.0,102993,Low,0,1,0,0,0,1
EMP_1127,22.0,10.0,65416,High,1,0,0,0,0,1
EMP_1128,30.0,3.0,41814,Low,1,0,0,0,1,0
EMP_1129,30.0,7.0,118537,Medium,0,0,1,0,1,0
EMP_1130,25.0,3.0,90258,Low,1,0,0,0,0,1
EMP_1131,40.0,5.0,56508,High,0,0,1,0,1,0
EMP_1132,30.0,5.0,118916,High,0,0,1,0,0,1
EMP_1133,22.0,1.0,75699,Medium,0,0,1,0,0,1
EMP_1134,25.0,3.0,86335,High,1,0,0,0,0,1
EMP_1135,40.0,7.0,86806,Low,0,0,1,0,1,0
EMP_1136,22.0,2.0,117853,Low,0,0,0,1,0,1
EMP_1137,50.0,7.0,103768,Low,0,1,0,0,0,1
EMP_1138,30.0,5.0,75739,High,0,1,0,0,0,1
EMP_1139,30.0,3.0,74785,Low,0,0,1,0,1,0
EMP_1140,35.0,1.0,71980,Low,0,1,0,0,0,1
EMP_1141,45.0,2.0,41609,Low,1,0,0,0,1,0
EMP_1142,30.0,5.0,106253,Medium,1,0,0,0,0,1
EMP_1143,40.0,2.0,68141,High,0,1,0,0,1,0
EMP_1144,35.0,7.0,70009,High,1,0,0,0,0,1
EMP_1145,25.0,7.0,46782,High,0,1,0,0,0,1
EMP_1146,50.0,1.0,65933,Medium,0,1,0,0,1,0
EMP_1147,45.0,3.0,117154,High,0,1,0,0,1,0
EMP_1148,40.0,3.0,48307,Medium,0,0,1,0,0,1
EMP_1149,50.0,3.0,115874,Medium,0,1,0,0,1,0
EMP_1150,50.0,15.0,78346,High,0,0,1,0,0,1
EMP_1151,40.0,10.0,90772,Low,0,1,0,0,0,1
EMP_1152,45.0,5.0,112084,Low,0,1,0,0,0,1
EMP_1153,40.0,7.0,80149,High,0,1,0,0,1,0
EMP_1154,40.0,3.0,67526,High,1,0,0,0,0,1
EMP_1155,35.0,15.0,108477,Medium,0,0,1,0,1,0
EMP_1156,45.0,5.0,45695,High,0,0,1,0,0,1
EMP_1157,25.0,7.0,79169,Medium,0,1,0,0,1,0
EMP_1158,50.0,10.0,87947,High,0,1,0,0,1,0
EMP_1159,50.0,2.0,87224,Low,1,0,0,0,0,1
EMP_1160,22.0,10.0,85865,Low,1,0,0,0,1,0
EMP_1161,45.0,2.0,65553,High,1,0,0,0,0,1
EMP_1162,25.0,2.0,100410,Medium,0,0,1,0,0,1
EMP_1163,30.0,2.0,64816,Low,0,0,1,0,0,1
EMP_1164,40.0,3.0,95026,Medium,0,0,1,0,0,1
EMP_1165,25.0,10.0,90705,High,0,1,0,0,0,1
EMP_1166,45.0,7.0,101922,High,0,0,1,0,1,0
EMP_1167,45.0,7.0,113914,Low,0,0,0,1,0,1
EMP_1168,35.0,5.0,41881,High,0,0,0,1,1,0
EMP_1169,22.0,15.0,79567,Low,1,0,0,0,1,0
EMP_1170,25.0,3.0,87365,Medium,0,0,1,0,0,1
EMP_1171,35.0,3.0,119211,Low,0,0,0,1,1,0
EMP_1172,33.69500438212095,2.0,110122,Low,1,0,0,0,0,1
EMP_1173,35.0,7.0,65006,Medium,0,0,1,0,1,0
EMP_1174,25.0,7.0,81198,Low,0,1,0,0,1,0
EMP_1175,35.0,3.0,62831,Low,0,0,0,1,1,0
EMP_1176,35.0,1.0,56459,High,0,1,0,0,0,1
EMP_1177,45.0,10.0,72443,Medium,0,0,1,0,1,0
EMP_1178,25.0,1.0,82316,Low,0,0,0,1,0,1
EMP_1179,45.0,7.0,104486,Medium,0,0,1,0,1,0
EMP_1180,35.0,3.0,45877,Medium,0,1,0,0,1,0
EMP_1181,33.69500438212095,3.0,79553,Low,0,0,0,1,1,0
EMP_1182,30.0,2.0,44922,High,0,1,0,0,1,0
EMP_1183,35.0,7.0,44686,Medium,0,0,1,0,0,1
EMP_1184,50.0,10.0,72766,Low,0,0,1,0,0,1
EMP_1185,25.0,3.0,119943,Medium,0,1,0,0,1,0
EMP_1186,50.0,3.0,72006,High,0,0,0,1,1,0
EMP_1187,40.0,1.0,71422,High,0,1,0,0,0,1
EMP_1188,22.0,3.0,52205,High,0,0,1,0,0,1
EMP_1189,30.0,7.0,63527,Low,0,1,0,0,0,1
EMP_1190,40.0,10.0,58443,Low,0,0,1,0,0,1
EMP_1191,22.0,2.0,56524,High,0,1,0,0,1,0
EMP_1192,35.0,10.0,68202,Low,0,0,0,1,1,0
EMP_1193,30.0,5.0,105552,High,0,0,0,1,0,1
EMP_1194,35.0,3.0,86142,Low,0,1,0,0,0,1
EMP_1195,22.0,1.0,101692,High,0,1,0,0,0,1
EMP_1196,50.0,10.0,60855,Medium,0,0,0,1,0,1
EMP_1197,33.69500438212095,2.0,100372,High,0,0,1,0,0,1
EMP_1198,33.69500438212095,2.0,65095,High,0,0,0,1,0,1
EMP_1199,40.0,2.0,78724,Low,0,0,1,0,1,0
EMP_1200,25.0,10.0,89241,Low,0,1,0,0,1,0
