Employee_ID,Age,Department,Years_Experience,Salary,Remote_Worker,Performance_Score,Attrition
EMP_0001,30.0,IT,,57266,No,High,Yes
EMP_0002,,Marketing,7.0,83526,No,Low,No
EMP_0003,40.0,Sales,3.0,51889,No,Low,No
EMP_0004,35.0,IT,2.0,64335,No,Medium,Yes
EMP_0005,25.0,Sales,2.0,51254,Yes,Low,No
EMP_0006,25.0,IT,7.0,51442,Yes,Low,No
EMP_0007,22.0,HR,5.0,86289,No,Medium,No
EMP_0008,50.0,Sales,2.0,93747,Yes,High,No
EMP_0009,35.0,Sales,2.0,77327,No,Medium,Yes
EMP_0010,40.0,Marketing,1.0,56199,Yes,High,No
EMP_0011,22.0,Sales,5.0,112827,No,Medium,No
EMP_0012,,Sales,7.0,40112,No,High,No
EMP_0013,45.0,HR,2.0,59581,No,Medium,No
EMP_0014,25.0,Sales,1.0,99722,Yes,High,No
EMP_0015,25.0,HR,1.0,56523,Yes,Medium,No
EMP_0016,25.0,HR,,106960,No,High,No
EMP_0017,30.0,HR,2.0,59552,No,Medium,No
EMP_0018,35.0,HR,7.0,50808,Yes,Low,No
EMP_0019,30.0,IT,5.0,112525,Yes,High,No
EMP_0020,25.0,Marketing,3.0,63620,Yes,Medium,No
EMP_0021,35.0,IT,2.0,40887,Yes,High,No
EMP_0022,25.0,Sales,1.0,71802,Yes,High,Yes
EMP_0023,25.0,IT,5.0,66049,No,Medium,No
EMP_0024,30.0,IT,7.0,117789,Yes,High,No
EMP_0025,30.0,Sales,5.0,47846,No,Medium,No
EMP_0026,45.0,Sales,3.0,86220,No,Low,No
EMP_0027,25.0,Sales,1.0,86163,Yes,High,No
EMP_0028,35.0,IT,,43765,Yes,Low,No
EMP_0029,35.0,IT,7.0,85270,No,High,No
EMP_0030,22.0,Sales,2.0,115277,Yes,High,No
EMP_0031,35.0,Marketing,,62931,No,High,Yes
EMP_0032,25.0,Marketing,5.0,95633,Yes,Medium,No
EMP_0033,22.0,HR,5.0,91913,Yes,Low,No
EMP_0034,50.0,Sales,7.0,65991,Yes,High,No
EMP_0035,,HR,10.0,94845,No,Medium,Yes
EMP_0036,45.0,Marketing,5.0,95312,Yes,High,No
EMP_0037,30.0,HR,1.0,50561,No,Medium,Yes
EMP_0038,22.0,Sales,2.0,56901,Yes,High,No
EMP_0039,40.0,Sales,15.0,102875,No,Low,Yes
EMP_0040,30.0,Sales,2.0,65917,Yes,Low,No
EMP_0041,25.0,IT,3.0,102120,No,High,No
EMP_0042,30.0,HR,3.0,41988,No,Medium,Yes
EMP_0043,22.0,Marketing,3.0,54256,No,High,No
EMP_0044,50.0,Marketing,5.0,68230,No,Medium,No
EMP_0045,25.0,Marketing,15.0,99778,No,High,No
EMP_0046,40.0,IT,2.0,85833,No,Medium,No
EMP_0047,30.0,IT,1.0,62625,Yes,Low,No
EMP_0048,35.0,Sales,2.0,72088,No,High,No
EMP_0049,35.0,Marketing,10.0,119650,No,Low,No
EMP_0050,25.0,IT,5.0,81167,No,Low,Yes
EMP_0051,,Sales,2.0,111291,Yes,High,No
EMP_0052,45.0,Marketing,10.0,105303,Yes,High,No
EMP_0053,50.0,HR,10.0,116361,Yes,Medium,No
EMP_0054,50.0,Sales,10.0,44117,No,Medium,Yes
EMP_0055,35.0,IT,15.0,100710,Yes,Low,No
EMP_0056,50.0,IT,2.0,107054,Yes,Medium,No
EMP_0057,22.0,Sales,7.0,70949,No,Medium,No
EMP_0058,25.0,Sales,3.0,62547,No,High,No
EMP_0059,22.0,IT,10.0,108136,Yes,Medium,No
EMP_0060,30.0,HR,7.0,104619,No,Low,No
EMP_0061,30.0,Marketing,7.0,101842,No,Medium,No
EMP_0062,25.0,HR,5.0,66990,No,Low,No
EMP_0063,45.0,Sales,2.0,56193,No,High,No
EMP_0064,30.0,HR,3.0,70109,Yes,Low,No
EMP_0065,25.0,IT,,59233,No,Medium,Yes
EMP_0066,35.0,Sales,15.0,74510,Yes,High,Yes
EMP_0067,25.0,Marketing,1.0,41306,Yes,Medium,No
EMP_0068,45.0,IT,2.0,43849,Yes,High,Yes
EMP_0069,22.0,IT,1.0,52360,Yes,High,No
EMP_0070,,Marketing,7.0,85800,No,Medium,No
EMP_0071,45.0,Marketing,10.0,76963,No,Medium,Yes
EMP_0072,25.0,HR,2.0,94330,No,High,No
EMP_0073,22.0,Sales,3.0,91707,Yes,High,No
EMP_0074,45.0,Marketing,10.0,58689,Yes,Medium,No
EMP_0075,40.0,Marketing,7.0,69084,Yes,Low,No
EMP_0076,40.0,Sales,3.0,80387,No,Medium,Yes
EMP_0077,45.0,Marketing,5.0,114816,Yes,High,No
EMP_0078,22.0,Marketing,3.0,42642,No,Medium,Yes
EMP_0079,30.0,HR,2.0,82137,No,Low,No
EMP_0080,25.0,IT,5.0,119832,No,Medium,No
EMP_0081,50.0,IT,5.0,95561,No,High,No
EMP_0082,35.0,IT,10.0,102260,Yes,Medium,No
EMP_0083,30.0,IT,5.0,55438,No,High,No
EMP_0084,22.0,Marketing,7.0,88442,Yes,High,No
EMP_0085,30.0,Sales,2.0,42994,No,Medium,No
EMP_0086,30.0,Sales,3.0,41813,Yes,High,No
EMP_0087,40.0,HR,1.0,95276,Yes,High,No
EMP_0088,35.0,HR,2.0,81243,No,Low,Yes
EMP_0089,50.0,Marketing,7.0,102912,No,Low,No
EMP_0090,30.0,Sales,,100272,No,Low,Yes
EMP_0091,25.0,Sales,1.0,82051,Yes,Low,No
EMP_0092,40.0,IT,3.0,118854,No,High,No
EMP_0093,45.0,Marketing,10.0,105618,No,Medium,No
EMP_0094,35.0,Marketing,2.0,41920,Yes,High,No
EMP_0095,45.0,IT,5.0,117219,No,High,No
EMP_0096,30.0,Marketing,7.0,116872,Yes,High,No
EMP_0097,35.0,Marketing,5.0,42093,No,Medium,Yes
EMP_0098,30.0,HR,2.0,52905,Yes,Low,No
EMP_0099,22.0,Sales,3.0,64351,Yes,High,No
EMP_0100,25.0,Marketing,7.0,70981,No,High,No
EMP_0101,22.0,HR,5.0,113903,Yes,Low,No
EMP_0102,35.0,Sales,1.0,110821,No,High,No
EMP_0103,30.0,IT,7.0,118513,No,Medium,No
EMP_0104,35.0,HR,1.0,59874,Yes,High,No
EMP_0105,50.0,HR,7.0,90931,No,High,No
EMP_0106,25.0,Sales,2.0,47674,Yes,Low,No
EMP_0107,30.0,IT,,90516,Yes,High,Yes
EMP_0108,45.0,HR,3.0,100686,Yes,High,No
EMP_0109,25.0,Marketing,2.0,109212,Yes,Medium,No
EMP_0110,22.0,Marketing,1.0,42426,Yes,Low,No
EMP_0111,25.0,Marketing,2.0,108498,Yes,Low,No
EMP_0112,25.0,IT,10.0,69943,Yes,Medium,No
EMP_0113,50.0,HR,,106395,Yes,High,No
EMP_0114,45.0,Marketing,3.0,84816,No,Low,No
EMP_0115,35.0,IT,3.0,44138,No,Low,Yes
EMP_0116,50.0,Marketing,7.0,115945,Yes,High,No
EMP_0117,45.0,Sales,10.0,44017,No,High,No
EMP_0118,25.0,HR,5.0,50451,No,Low,No
EMP_0119,50.0,HR,3.0,102956,No,High,No
EMP_0120,35.0,IT,3.0,50278,No,Low,No
EMP_0121,45.0,IT,5.0,83764,No,High,No
EMP_0122,50.0,HR,1.0,41134,No,High,No
EMP_0123,30.0,Marketing,5.0,102943,Yes,Medium,Yes
EMP_0124,25.0,Marketing,3.0,94318,No,High,No
EMP_0125,25.0,Sales,7.0,100128,No,Medium,No
EMP_0126,30.0,Marketing,1.0,61869,No,High,No
EMP_0127,45.0,IT,5.0,45039,No,Low,Yes
EMP_0128,50.0,IT,3.0,61281,Yes,Low,No
EMP_0129,22.0,Marketing,5.0,50442,Yes,High,Yes
EMP_0130,35.0,IT,1.0,113788,Yes,High,No
EMP_0131,30.0,HR,5.0,67586,Yes,Low,No
EMP_0132,25.0,HR,5.0,93053,No,High,No
EMP_0133,25.0,Marketing,5.0,90489,Yes,Medium,No
EMP_0134,30.0,HR,5.0,107087,Yes,Medium,No
EMP_0135,50.0,HR,5.0,52625,Yes,Medium,No
EMP_0136,30.0,Sales,10.0,74397,Yes,Medium,No
EMP_0137,35.0,Sales,2.0,98671,No,Medium,No
EMP_0138,40.0,HR,10.0,106897,Yes,High,No
EMP_0139,30.0,Marketing,3.0,66149,No,High,No
EMP_0140,,Sales,1.0,100030,Yes,Medium,No
EMP_0141,,IT,1.0,109906,No,High,Yes
EMP_0142,25.0,IT,2.0,45283,No,High,No
EMP_0143,30.0,IT,7.0,47610,Yes,Medium,No
EMP_0144,30.0,Marketing,7.0,83326,Yes,High,No
EMP_0145,25.0,HR,7.0,54924,Yes,High,No
EMP_0146,22.0,IT,3.0,116162,Yes,High,No
EMP_0147,35.0,Marketing,3.0,40869,No,Medium,No
EMP_0148,35.0,Sales,1.0,41014,No,High,Yes
EMP_0149,22.0,HR,2.0,50103,Yes,Low,No
EMP_0150,25.0,Sales,3.0,73458,Yes,Low,No
EMP_0151,50.0,Marketing,1.0,63248,No,Medium,No
EMP_0152,25.0,IT,2.0,83516,Yes,Low,No
EMP_0153,25.0,IT,5.0,69061,No,Medium,No
EMP_0154,30.0,Marketing,7.0,64170,Yes,Low,No
EMP_0155,,IT,,48024,No,Low,Yes
EMP_0156,25.0,HR,15.0,83803,No,Low,Yes
EMP_0157,40.0,Marketing,5.0,59296,No,Medium,No
EMP_0158,45.0,Sales,3.0,58257,No,Medium,No
EMP_0159,25.0,Marketing,5.0,52855,No,High,No
EMP_0160,40.0,HR,7.0,60025,Yes,Medium,No
EMP_0161,30.0,HR,1.0,44458,No,Low,Yes
EMP_0162,35.0,Marketing,3.0,103610,Yes,Low,No
EMP_0163,35.0,Marketing,10.0,110843,No,Medium,No
EMP_0164,35.0,IT,3.0,89831,No,Medium,Yes
EMP_0165,22.0,HR,5.0,83427,Yes,Medium,No
EMP_0166,45.0,Marketing,5.0,78506,Yes,High,No
EMP_0167,30.0,Marketing,2.0,45668,Yes,Low,No
EMP_0168,25.0,HR,3.0,87195,Yes,High,No
EMP_0169,22.0,Marketing,2.0,113233,No,High,No
EMP_0170,35.0,IT,1.0,64417,Yes,Low,No
EMP_0171,40.0,HR,1.0,50751,No,Low,No
EMP_0172,22.0,IT,10.0,86218,Yes,Medium,No
EMP_0173,35.0,IT,2.0,47352,Yes,Medium,No
EMP_0174,25.0,IT,3.0,119052,No,High,No
EMP_0175,35.0,IT,2.0,68927,No,Medium,No
EMP_0176,25.0,HR,15.0,81094,Yes,Medium,No
EMP_0177,40.0,IT,2.0,94122,No,Low,No
EMP_0178,30.0,IT,3.0,69493,No,Low,No
EMP_0179,50.0,Marketing,10.0,113539,No,Medium,No
EMP_0180,25.0,HR,10.0,71707,No,Low,No
EMP_0181,30.0,HR,2.0,108814,No,Medium,No
EMP_0182,25.0,Sales,10.0,47296,No,Low,No
EMP_0183,50.0,HR,3.0,65398,No,Low,No
EMP_0184,50.0,HR,3.0,75842,No,Low,No
EMP_0185,25.0,Sales,1.0,53261,Yes,Low,No
EMP_0186,40.0,HR,1.0,116709,No,Medium,No
EMP_0187,45.0,HR,7.0,96704,Yes,High,No
EMP_0188,35.0,HR,3.0,107173,No,Low,Yes
EMP_0189,35.0,HR,3.0,71781,No,Medium,No
EMP_0190,25.0,Sales,7.0,53652,No,Medium,No
EMP_0191,22.0,HR,7.0,45103,No,Low,No
EMP_0192,50.0,HR,2.0,65500,Yes,High,Yes
EMP_0193,50.0,Sales,5.0,75529,Yes,Low,Yes
EMP_0194,35.0,Marketing,1.0,58452,No,Medium,No
EMP_0195,30.0,IT,7.0,89393,Yes,High,No
EMP_0196,30.0,Marketing,5.0,71174,No,Medium,No
EMP_0197,40.0,Sales,,104450,No,Low,No
EMP_0198,50.0,IT,1.0,75436,Yes,High,No
EMP_0199,50.0,Sales,1.0,87406,Yes,Medium,No
EMP_0200,45.0,Sales,2.0,103059,No,Medium,No
EMP_0201,35.0,HR,2.0,55954,No,Medium,No
EMP_0202,22.0,IT,2.0,52356,Yes,Low,No
EMP_0203,25.0,HR,15.0,42187,No,High,Yes
EMP_0204,50.0,IT,2.0,117243,Yes,Low,Yes
EMP_0205,35.0,Sales,2.0,75098,No,Low,No
EMP_0206,22.0,Sales,7.0,61225,No,Low,No
EMP_0207,25.0,Marketing,3.0,43606,Yes,High,No
EMP_0208,40.0,IT,7.0,97620,Yes,Low,No
EMP_0209,22.0,HR,1.0,72828,Yes,Low,No
EMP_0210,25.0,Marketing,3.0,66489,No,Low,No
EMP_0211,35.0,Marketing,1.0,54387,No,Low,No
EMP_0212,40.0,Marketing,1.0,109463,No,Medium,No
EMP_0213,40.0,HR,15.0,111832,No,Low,No
EMP_0214,25.0,Marketing,1.0,42591,Yes,Medium,No
EMP_0215,40.0,HR,3.0,88516,No,Low,No
EMP_0216,25.0,Marketing,3.0,102061,No,High,No
EMP_0217,30.0,HR,2.0,106736,No,Medium,No
EMP_0218,40.0,Sales,10.0,101753,Yes,Medium,No
EMP_0219,35.0,Sales,1.0,51087,No,Medium,No
EMP_0220,45.0,Sales,5.0,70816,No,Medium,No
EMP_0221,40.0,Sales,,63408,Yes,High,No
EMP_0222,35.0,Sales,5.0,40136,No,Low,Yes
EMP_0223,22.0,Marketing,15.0,57413,No,Medium,No
EMP_0224,30.0,Marketing,1.0,99500,Yes,High,No
EMP_0225,25.0,Marketing,3.0,96358,No,Medium,Yes
EMP_0226,25.0,HR,2.0,106197,No,Low,Yes
EMP_0227,,HR,7.0,72854,No,Medium,Yes
EMP_0228,30.0,HR,,116240,Yes,High,No
EMP_0229,50.0,HR,2.0,56322,No,Low,No
EMP_0230,35.0,Sales,5.0,46968,No,High,No
EMP_0231,45.0,Sales,2.0,67518,Yes,Low,No
EMP_0232,35.0,Sales,5.0,91925,Yes,Low,No
EMP_0233,35.0,IT,3.0,99848,No,Low,No
EMP_0234,30.0,Marketing,,41700,No,Medium,No
EMP_0235,25.0,HR,5.0,63199,No,High,No
EMP_0236,40.0,HR,2.0,84589,No,High,Yes
EMP_0237,25.0,Sales,1.0,72115,Yes,High,No
EMP_0238,22.0,HR,2.0,101934,No,Low,No
EMP_0239,35.0,HR,2.0,94316,Yes,Medium,No
EMP_0240,25.0,Marketing,2.0,45520,Yes,Low,No
EMP_0241,50.0,Sales,10.0,76455,No,High,No
EMP_0242,,Marketing,5.0,81605,No,Medium,No
EMP_0243,50.0,IT,3.0,54955,Yes,Medium,No
EMP_0244,30.0,IT,1.0,84049,Yes,Medium,Yes
EMP_0245,22.0,IT,10.0,53917,No,High,No
EMP_0246,50.0,Sales,7.0,110293,Yes,Medium,No
EMP_0247,30.0,HR,1.0,118581,No,Medium,No
EMP_0248,,Sales,7.0,104925,No,Low,No
EMP_0249,,Sales,3.0,110269,Yes,Low,No
EMP_0250,50.0,HR,1.0,70954,Yes,Medium,No
EMP_0251,25.0,Marketing,3.0,112617,No,Medium,No
EMP_0252,30.0,IT,3.0,81458,Yes,Low,No
EMP_0253,50.0,Marketing,2.0,61113,No,Low,No
EMP_0254,30.0,IT,15.0,83939,No,Low,No
EMP_0255,25.0,Sales,10.0,69345,No,High,No
EMP_0256,35.0,IT,5.0,86313,Yes,High,No
EMP_0257,50.0,Sales,3.0,109166,No,Low,No
EMP_0258,40.0,Marketing,3.0,87861,No,Medium,No
EMP_0259,35.0,Sales,5.0,89298,No,Low,Yes
EMP_0260,22.0,Marketing,3.0,87221,No,High,No
EMP_0261,35.0,HR,1.0,84942,No,Medium,Yes
EMP_0262,,HR,3.0,43453,No,High,Yes
EMP_0263,25.0,HR,10.0,94935,No,Medium,No
EMP_0264,35.0,Sales,3.0,83370,No,High,No
EMP_0265,50.0,HR,1.0,48328,No,Medium,Yes
EMP_0266,40.0,IT,7.0,55534,No,Medium,No
EMP_0267,40.0,Marketing,2.0,76320,No,Medium,No
EMP_0268,40.0,Marketing,2.0,89170,Yes,Medium,No
EMP_0269,30.0,IT,2.0,48640,No,High,Yes
EMP_0270,25.0,Sales,2.0,70049,No,High,No
EMP_0271,45.0,Sales,7.0,45618,No,Medium,No
EMP_0272,45.0,Marketing,3.0,96053,Yes,Medium,No
EMP_0273,50.0,HR,2.0,41920,No,High,No
EMP_0274,50.0,Sales,10.0,83937,Yes,Medium,No
EMP_0275,35.0,Sales,10.0,109724,No,Medium,No
EMP_0276,35.0,IT,10.0,52207,No,Medium,No
EMP_0277,45.0,IT,2.0,105774,Yes,Low,No
EMP_0278,35.0,HR,3.0,72972,No,Medium,No
EMP_0279,40.0,Sales,,50799,Yes,Low,No
EMP_0280,45.0,Sales,7.0,111088,Yes,Medium,Yes
EMP_0281,50.0,IT,1.0,68916,No,High,No
EMP_0282,30.0,Sales,1.0,110463,No,Low,No
EMP_0283,30.0,Marketing,3.0,116700,No,Low,No
EMP_0284,22.0,IT,15.0,77158,No,Medium,No
EMP_0285,35.0,HR,3.0,111696,Yes,Medium,No
EMP_0286,22.0,IT,3.0,101510,Yes,Low,No
EMP_0287,30.0,Sales,1.0,98692,No,High,Yes
EMP_0288,35.0,HR,5.0,101744,Yes,High,No
EMP_0289,25.0,IT,10.0,55810,Yes,Medium,No
EMP_0290,35.0,Marketing,3.0,45126,No,High,No
EMP_0291,22.0,Marketing,7.0,70009,Yes,High,No
EMP_0292,22.0,IT,,40192,Yes,Medium,No
EMP_0293,45.0,Marketing,2.0,76413,No,High,No
EMP_0294,30.0,Marketing,3.0,52816,Yes,Medium,Yes
EMP_0295,25.0,Marketing,2.0,79082,No,Low,No
EMP_0296,35.0,HR,7.0,105048,Yes,Medium,Yes
EMP_0297,45.0,Marketing,5.0,90940,No,Low,No
EMP_0298,25.0,Marketing,5.0,72130,Yes,Low,No
EMP_0299,35.0,Marketing,7.0,80142,Yes,High,No
EMP_0300,22.0,HR,3.0,76468,No,High,No
EMP_0301,22.0,IT,15.0,70698,No,High,No
EMP_0302,35.0,Sales,3.0,50655,No,Medium,No
EMP_0303,35.0,Marketing,2.0,87897,No,High,Yes
EMP_0304,35.0,IT,5.0,70075,Yes,Low,No
EMP_0305,40.0,Marketing,7.0,49359,Yes,High,Yes
EMP_0306,,HR,2.0,82056,Yes,High,No
EMP_0307,35.0,IT,10.0,91831,No,Medium,No
EMP_0308,30.0,HR,15.0,99191,Yes,Medium,No
EMP_0309,45.0,Marketing,2.0,73272,Yes,Low,No
EMP_0310,25.0,Marketing,,54671,No,Medium,No
EMP_0311,30.0,HR,1.0,67048,No,High,No
EMP_0312,22.0,Sales,2.0,116274,Yes,Medium,No
EMP_0313,22.0,HR,2.0,65963,No,Low,No
EMP_0314,,Marketing,10.0,83954,Yes,High,No
EMP_0315,45.0,HR,5.0,112309,Yes,Low,No
EMP_0316,40.0,Sales,2.0,40717,No,Medium,No
EMP_0317,30.0,HR,3.0,51676,Yes,Medium,No
EMP_0318,25.0,Sales,5.0,44434,No,Low,No
EMP_0319,25.0,Sales,1.0,89810,No,High,Yes
EMP_0320,25.0,HR,10.0,44994,Yes,Medium,Yes
EMP_0321,35.0,HR,10.0,44234,Yes,Medium,No
EMP_0322,40.0,IT,3.0,109300,Yes,High,No
EMP_0323,40.0,Marketing,,83949,No,Medium,Yes
EMP_0324,25.0,Sales,3.0,77405,Yes,Low,No
EMP_0325,,IT,,74872,No,Medium,No
EMP_0326,40.0,HR,5.0,82215,No,Medium,No
EMP_0327,35.0,Marketing,5.0,63185,Yes,High,No
EMP_0328,35.0,IT,2.0,83442,No,Low,No
EMP_0329,30.0,Sales,10.0,91759,Yes,High,No
EMP_0330,25.0,IT,3.0,81153,Yes,Medium,No
EMP_0331,30.0,Sales,2.0,117535,Yes,Medium,No
EMP_0332,45.0,HR,1.0,42581,Yes,High,Yes
EMP_0333,22.0,Marketing,5.0,91717,Yes,High,No
EMP_0334,25.0,Marketing,3.0,42763,Yes,High,No
EMP_0335,22.0,Marketing,7.0,95480,Yes,Low,No
EMP_0336,22.0,HR,10.0,78759,No,Medium,No
EMP_0337,50.0,Sales,1.0,116067,Yes,High,No
EMP_0338,40.0,HR,7.0,65307,No,Medium,Yes
EMP_0339,30.0,Marketing,2.0,51064,No,Low,No
EMP_0340,22.0,HR,10.0,116848,No,Low,No
EMP_0341,30.0,HR,10.0,77548,Yes,Low,No
EMP_0342,30.0,HR,3.0,76945,No,Low,No
EMP_0343,25.0,Sales,7.0,87937,No,Medium,No
EMP_0344,30.0,IT,2.0,46476,Yes,Low,Yes
EMP_0345,30.0,IT,3.0,91756,Yes,Low,No
EMP_0346,35.0,HR,10.0,42382,No,High,No
EMP_0347,35.0,IT,3.0,89683,Yes,Low,No
EMP_0348,22.0,IT,3.0,85276,Yes,High,No
EMP_0349,30.0,HR,3.0,73402,Yes,Low,No
EMP_0350,35.0,HR,10.0,66946,Yes,Low,Yes
EMP_0351,35.0,Marketing,2.0,119698,No,High,No
EMP_0352,50.0,IT,2.0,113933,Yes,Low,No
EMP_0353,40.0,Sales,7.0,62335,Yes,Medium,No
EMP_0354,25.0,HR,10.0,85095,Yes,Medium,No
EMP_0355,22.0,Marketing,1.0,119930,No,Low,Yes
EMP_0356,35.0,Sales,2.0,67197,No,Medium,No
EMP_0357,22.0,IT,1.0,62010,Yes,High,Yes
EMP_0358,35.0,Marketing,2.0,64123,Yes,Low,Yes
EMP_0359,50.0,HR,3.0,42890,No,Low,Yes
EMP_0360,35.0,Sales,7.0,48026,Yes,High,Yes
EMP_0361,30.0,HR,5.0,104925,Yes,High,No
EMP_0362,35.0,IT,5.0,108842,No,High,No
EMP_0363,30.0,Sales,3.0,73665,Yes,Low,No
EMP_0364,35.0,IT,10.0,49277,Yes,High,No
EMP_0365,50.0,IT,3.0,82239,No,High,No
EMP_0366,30.0,Marketing,,87664,No,Medium,Yes
EMP_0367,,HR,5.0,88008,Yes,Medium,Yes
EMP_0368,50.0,Sales,1.0,54683,No,Low,No
EMP_0369,25.0,IT,5.0,40670,Yes,Medium,No
EMP_0370,22.0,IT,2.0,57889,Yes,Medium,No
EMP_0371,25.0,Sales,5.0,95612,Yes,High,No
EMP_0372,22.0,IT,1.0,84535,No,High,No
EMP_0373,22.0,Marketing,2.0,118542,No,Medium,No
EMP_0374,40.0,Marketing,10.0,94319,Yes,Medium,No
EMP_0375,22.0,Marketing,2.0,61639,Yes,Medium,No
EMP_0376,30.0,Marketing,10.0,104712,No,Low,No
EMP_0377,45.0,IT,2.0,56633,No,Low,No
EMP_0378,22.0,Sales,5.0,74660,No,Low,No
EMP_0379,45.0,Sales,5.0,108975,Yes,Medium,No
EMP_0380,25.0,Sales,3.0,72172,No,Medium,Yes
EMP_0381,25.0,Sales,2.0,99197,No,Low,No
EMP_0382,40.0,HR,2.0,98847,Yes,Low,Yes
EMP_0383,35.0,Sales,1.0,51577,Yes,Medium,No
EMP_0384,50.0,HR,2.0,117299,Yes,High,No
EMP_0385,40.0,HR,5.0,60176,No,Low,No
EMP_0386,45.0,Marketing,15.0,84386,Yes,Medium,No
EMP_0387,25.0,HR,10.0,103972,Yes,Medium,No
EMP_0388,25.0,IT,7.0,81003,Yes,High,No
EMP_0389,45.0,HR,7.0,59996,Yes,Medium,No
EMP_0390,45.0,Marketing,5.0,75931,No,Medium,No
EMP_0391,,HR,2.0,75710,Yes,Low,Yes
EMP_0392,30.0,IT,15.0,74693,No,Low,No
EMP_0393,30.0,IT,5.0,75740,No,High,No
EMP_0394,45.0,IT,5.0,117241,No,High,No
EMP_0395,30.0,Marketing,1.0,116502,Yes,Medium,No
EMP_0396,50.0,Marketing,3.0,57374,No,Low,No
EMP_0397,50.0,Sales,3.0,116674,Yes,High,No
EMP_0398,30.0,Marketing,10.0,85913,Yes,High,No
EMP_0399,45.0,IT,3.0,106025,Yes,High,Yes
EMP_0400,45.0,IT,3.0,84516,No,Medium,No
EMP_0401,25.0,Marketing,,66069,Yes,Low,No
EMP_0402,50.0,HR,1.0,96233,Yes,High,No
EMP_0403,35.0,Marketing,3.0,99049,Yes,Low,No
EMP_0404,45.0,Marketing,1.0,79178,No,High,Yes
EMP_0405,30.0,IT,7.0,72821,No,High,Yes
EMP_0406,50.0,Sales,15.0,91727,No,Low,No
EMP_0407,30.0,IT,2.0,100935,Yes,Low,No
EMP_0408,22.0,Sales,10.0,56999,No,Low,No
EMP_0409,50.0,IT,2.0,102522,Yes,Medium,Yes
EMP_0410,22.0,Marketing,15.0,78712,Yes,High,No
EMP_0411,30.0,IT,7.0,104551,No,Medium,Yes
EMP_0412,,IT,10.0,80172,Yes,Low,No
EMP_0413,,IT,1.0,73722,No,High,No
EMP_0414,35.0,Marketing,,50625,Yes,Medium,No
EMP_0415,35.0,Marketing,7.0,107165,No,High,Yes
EMP_0416,30.0,Marketing,2.0,116509,Yes,Medium,No
EMP_0417,25.0,Marketing,10.0,46859,Yes,Low,No
EMP_0418,30.0,Sales,2.0,81609,Yes,Medium,No
EMP_0419,40.0,Sales,10.0,83307,Yes,High,No
EMP_0420,45.0,HR,1.0,61839,Yes,High,Yes
EMP_0421,45.0,Marketing,7.0,67216,No,High,No
EMP_0422,45.0,Sales,3.0,92953,Yes,High,No
EMP_0423,22.0,IT,1.0,100593,No,Low,Yes
EMP_0424,30.0,Marketing,2.0,112075,No,Medium,No
EMP_0425,22.0,HR,1.0,89522,No,Low,Yes
EMP_0426,35.0,HR,3.0,44886,Yes,Low,No
EMP_0427,30.0,HR,2.0,47485,Yes,Low,Yes
EMP_0428,50.0,IT,5.0,71455,Yes,High,No
EMP_0429,30.0,Sales,2.0,56767,No,High,No
EMP_0430,25.0,IT,2.0,68453,Yes,High,No
EMP_0431,25.0,Marketing,7.0,116280,Yes,Medium,No
EMP_0432,45.0,HR,1.0,93442,No,High,No
EMP_0433,35.0,IT,15.0,91877,No,Medium,Yes
EMP_0434,25.0,IT,10.0,52226,No,High,Yes
EMP_0435,22.0,Sales,5.0,62588,No,High,Yes
EMP_0436,40.0,Sales,5.0,118976,No,Low,Yes
EMP_0437,22.0,HR,10.0,71709,No,Low,No
EMP_0438,45.0,IT,2.0,87788,Yes,Low,No
EMP_0439,40.0,IT,1.0,77019,No,Medium,No
EMP_0440,22.0,Sales,2.0,84948,Yes,Medium,No
EMP_0441,22.0,IT,7.0,105133,Yes,High,No
EMP_0442,,IT,1.0,106458,Yes,Medium,No
EMP_0443,30.0,IT,5.0,67526,No,High,Yes
EMP_0444,30.0,Sales,,113493,Yes,Medium,No
EMP_0445,45.0,HR,10.0,92198,No,Medium,No
EMP_0446,50.0,Marketing,3.0,83395,No,Medium,No
EMP_0447,,HR,1.0,64031,Yes,Low,No
EMP_0448,45.0,Marketing,10.0,115542,No,Medium,No
EMP_0449,30.0,IT,5.0,77701,Yes,Low,No
EMP_0450,22.0,HR,1.0,65939,Yes,Low,No
EMP_0451,45.0,Marketing,1.0,89145,No,Medium,No
EMP_0452,35.0,Sales,15.0,60324,Yes,High,Yes
EMP_0453,30.0,Sales,5.0,62867,Yes,High,No
EMP_0454,50.0,HR,10.0,40203,Yes,High,No
EMP_0455,25.0,HR,10.0,56544,No,Medium,No
EMP_0456,30.0,IT,5.0,55899,Yes,High,No
EMP_0457,22.0,HR,3.0,69063,No,Low,No
EMP_0458,30.0,IT,3.0,43748,No,High,No
EMP_0459,22.0,IT,2.0,106629,Yes,Medium,No
EMP_0460,25.0,Sales,3.0,60884,Yes,High,No
EMP_0461,25.0,Sales,7.0,65183,No,Low,No
EMP_0462,35.0,Marketing,5.0,111246,No,Medium,Yes
EMP_0463,40.0,Sales,10.0,59259,Yes,High,No
EMP_0464,35.0,Sales,3.0,75959,Yes,Medium,Yes
EMP_0465,,HR,5.0,73457,No,Medium,No
EMP_0466,30.0,Sales,5.0,42103,No,Medium,Yes
EMP_0467,25.0,Marketing,5.0,105901,No,High,No
EMP_0468,50.0,HR,7.0,84535,No,Medium,No
EMP_0469,25.0,Marketing,2.0,56103,No,High,No
EMP_0470,,Sales,3.0,118278,Yes,Low,No
EMP_0471,22.0,Marketing,1.0,52391,No,High,No
EMP_0472,,HR,3.0,68901,No,Low,No
EMP_0473,22.0,IT,3.0,107914,Yes,High,No
EMP_0474,50.0,Marketing,5.0,90357,Yes,Medium,No
EMP_0475,35.0,Marketing,,78437,No,High,No
EMP_0476,,HR,5.0,75503,No,Medium,No
EMP_0477,22.0,HR,7.0,115403,Yes,Low,Yes
EMP_0478,35.0,Marketing,3.0,81258,No,High,No
EMP_0479,,Sales,5.0,73724,No,Medium,No
EMP_0480,35.0,Marketing,1.0,104286,Yes,Low,No
EMP_0481,35.0,HR,2.0,114842,No,Low,No
EMP_0482,40.0,IT,3.0,54908,Yes,High,No
EMP_0483,30.0,IT,3.0,90626,Yes,Low,No
EMP_0484,35.0,Sales,1.0,77228,Yes,Medium,No
EMP_0485,35.0,Marketing,1.0,63386,Yes,Low,No
EMP_0486,50.0,IT,2.0,86754,No,Low,Yes
EMP_0487,22.0,Marketing,,68302,Yes,Medium,No
EMP_0488,25.0,HR,2.0,100815,No,Low,No
EMP_0489,,IT,3.0,103344,No,Low,No
EMP_0490,50.0,Sales,2.0,75618,No,Low,No
EMP_0491,30.0,HR,5.0,116234,No,Low,No
EMP_0492,35.0,Sales,2.0,101114,No,Medium,No
EMP_0493,25.0,HR,2.0,110130,Yes,Low,No
EMP_0494,25.0,IT,3.0,65525,Yes,Medium,Yes
EMP_0495,30.0,Sales,1.0,119818,Yes,Low,No
EMP_0496,30.0,Sales,1.0,54334,Yes,Low,No
EMP_0497,35.0,HR,2.0,102767,No,Low,No
EMP_0498,22.0,Sales,1.0,46644,Yes,Low,Yes
EMP_0499,,HR,1.0,72933,No,Medium,No
EMP_0500,,HR,2.0,83469,No,Medium,Yes
EMP_0501,40.0,HR,10.0,73687,Yes,Medium,No
EMP_0502,35.0,HR,5.0,92656,Yes,High,Yes
EMP_0503,30.0,IT,3.0,57375,Yes,Low,No
EMP_0504,45.0,HR,2.0,105206,Yes,Low,No
EMP_0505,40.0,Marketing,15.0,76607,No,Medium,No
EMP_0506,25.0,Sales,3.0,63993,No,High,No
EMP_0507,50.0,Marketing,1.0,84386,Yes,Low,Yes
EMP_0508,45.0,IT,5.0,86287,No,Medium,No
EMP_0509,50.0,Marketing,1.0,116312,No,Low,No
EMP_0510,40.0,Sales,2.0,115324,No,Low,No
EMP_0511,35.0,Marketing,3.0,111196,Yes,Medium,Yes
EMP_0512,30.0,IT,10.0,110014,No,Medium,No
EMP_0513,50.0,HR,3.0,48210,Yes,Low,No
EMP_0514,50.0,Marketing,7.0,50922,Yes,Low,No
EMP_0515,22.0,IT,,76289,No,Medium,Yes
EMP_0516,22.0,IT,1.0,73340,No,Low,Yes
EMP_0517,30.0,Sales,2.0,79850,Yes,Low,No
EMP_0518,45.0,Sales,3.0,96984,No,Medium,No
EMP_0519,,Marketing,3.0,51094,No,Low,No
EMP_0520,25.0,HR,3.0,73418,Yes,Low,No
EMP_0521,35.0,IT,15.0,45741,Yes,High,No
EMP_0522,30.0,Marketing,7.0,112374,Yes,Medium,No
EMP_0523,,IT,5.0,108798,Yes,High,No
EMP_0524,45.0,IT,2.0,110532,No,High,No
EMP_0525,45.0,HR,10.0,62164,No,High,Yes
EMP_0526,30.0,HR,,75595,Yes,Low,No
EMP_0527,30.0,Marketing,10.0,70257,Yes,Low,No
EMP_0528,25.0,HR,1.0,54211,Yes,High,No
EMP_0529,22.0,HR,5.0,45232,No,High,No
EMP_0530,50.0,Marketing,1.0,107753,Yes,High,Yes
EMP_0531,45.0,HR,2.0,92691,No,Low,No
EMP_0532,,Sales,1.0,119768,Yes,High,No
EMP_0533,,IT,5.0,65613,Yes,High,No
EMP_0534,35.0,IT,5.0,54026,Yes,Medium,No
EMP_0535,45.0,IT,1.0,93535,No,Medium,Yes
EMP_0536,50.0,IT,3.0,70908,No,Low,No
EMP_0537,45.0,Marketing,3.0,92113,No,Medium,Yes
EMP_0538,25.0,IT,3.0,59610,Yes,Medium,No
EMP_0539,30.0,IT,1.0,86646,No,Medium,No
EMP_0540,25.0,IT,3.0,103185,No,Low,No
EMP_0541,,IT,7.0,112567,Yes,Medium,No
EMP_0542,35.0,Sales,1.0,87574,Yes,Low,No
EMP_0543,25.0,IT,1.0,76182,No,High,No
EMP_0544,40.0,Sales,3.0,40570,No,Medium,No
EMP_0545,35.0,Marketing,15.0,59288,No,Low,No
EMP_0546,30.0,HR,5.0,118824,No,Medium,No
EMP_0547,25.0,IT,5.0,69877,Yes,High,No
EMP_0548,40.0,HR,3.0,40917,Yes,Low,No
EMP_0549,35.0,HR,5.0,115602,Yes,Low,Yes
EMP_0550,45.0,Marketing,1.0,104575,No,Low,No
EMP_0551,35.0,HR,5.0,112518,No,High,Yes
EMP_0552,50.0,Sales,15.0,79104,Yes,High,No
EMP_0553,35.0,HR,5.0,58062,Yes,High,Yes
EMP_0554,35.0,HR,10.0,56999,No,Low,No
EMP_0555,50.0,HR,7.0,101845,No,High,No
EMP_0556,30.0,IT,1.0,49941,Yes,Medium,No
EMP_0557,25.0,IT,15.0,101169,Yes,High,No
EMP_0558,22.0,Sales,1.0,63470,Yes,Low,No
EMP_0559,45.0,Sales,3.0,99821,No,Medium,No
EMP_0560,35.0,IT,1.0,84435,No,High,No
EMP_0561,40.0,Sales,1.0,44529,No,Medium,Yes
EMP_0562,25.0,IT,3.0,52192,No,Medium,No
EMP_0563,25.0,Marketing,2.0,114102,No,Low,No
EMP_0564,22.0,HR,3.0,112762,No,Medium,No
EMP_0565,30.0,HR,5.0,74087,Yes,Medium,No
EMP_0566,35.0,Sales,1.0,106677,Yes,Low,No
EMP_0567,30.0,IT,1.0,44627,No,Low,Yes
EMP_0568,30.0,IT,5.0,96541,Yes,Low,No
EMP_0569,50.0,Sales,2.0,108226,No,Medium,No
EMP_0570,30.0,IT,7.0,43255,Yes,Medium,No
EMP_0571,35.0,Marketing,5.0,97433,No,Medium,No
EMP_0572,45.0,HR,10.0,45213,Yes,Low,No
EMP_0573,30.0,Sales,5.0,59404,Yes,High,No
EMP_0574,35.0,Sales,3.0,65380,No,Medium,No
EMP_0575,50.0,IT,5.0,59173,No,High,Yes
EMP_0576,50.0,Sales,2.0,93027,Yes,Low,No
EMP_0577,25.0,Marketing,2.0,63989,Yes,Medium,No
EMP_0578,50.0,IT,7.0,64519,No,High,No
EMP_0579,30.0,IT,3.0,62439,Yes,Medium,No
EMP_0580,25.0,IT,7.0,116949,No,Medium,Yes
EMP_0581,30.0,IT,10.0,54995,No,Medium,Yes
EMP_0582,,Marketing,10.0,63559,Yes,High,No
EMP_0583,30.0,IT,15.0,45021,No,Low,Yes
EMP_0584,30.0,Sales,3.0,61119,Yes,Medium,No
EMP_0585,35.0,Marketing,2.0,91539,Yes,Low,Yes
EMP_0586,25.0,HR,5.0,79350,No,Low,Yes
EMP_0587,22.0,HR,3.0,86223,Yes,High,No
EMP_0588,25.0,Sales,5.0,65517,No,High,No
EMP_0589,25.0,Sales,7.0,118653,No,Low,No
EMP_0590,25.0,Marketing,5.0,62250,No,Medium,No
EMP_0591,25.0,HR,3.0,106798,Yes,High,No
EMP_0592,35.0,HR,2.0,94199,No,Medium,No
EMP_0593,25.0,HR,3.0,99546,Yes,Medium,No
EMP_0594,30.0,HR,1.0,43327,No,Medium,No
EMP_0595,50.0,HR,10.0,69768,No,Low,Yes
EMP_0596,30.0,IT,2.0,104418,No,Medium,No
EMP_0597,40.0,Sales,2.0,82788,Yes,Low,No
EMP_0598,25.0,IT,1.0,86830,Yes,Low,No
EMP_0599,25.0,HR,5.0,92446,No,Medium,No
EMP_0600,22.0,Marketing,5.0,55160,No,Medium,No
EMP_0601,25.0,Marketing,2.0,96583,Yes,Medium,No
EMP_0602,25.0,HR,1.0,73998,Yes,Medium,No
EMP_0603,25.0,HR,3.0,67230,Yes,Low,No
EMP_0604,22.0,Marketing,2.0,49076,No,Medium,No
EMP_0605,25.0,IT,5.0,109341,Yes,Medium,No
EMP_0606,30.0,IT,5.0,71085,No,Low,No
EMP_0607,25.0,HR,3.0,95571,Yes,High,No
EMP_0608,30.0,IT,2.0,54715,No,High,Yes
EMP_0609,35.0,Marketing,,45750,No,Low,Yes
EMP_0610,40.0,IT,3.0,118768,No,High,No
EMP_0611,22.0,HR,5.0,75903,Yes,Low,No
EMP_0612,45.0,Marketing,1.0,112489,Yes,Medium,No
EMP_0613,35.0,IT,3.0,72093,Yes,Medium,No
EMP_0614,22.0,Sales,1.0,74314,No,High,No
EMP_0615,50.0,Marketing,3.0,88225,No,Medium,No
EMP_0616,50.0,Marketing,,75179,Yes,High,No
EMP_0617,22.0,Sales,3.0,65338,No,High,Yes
EMP_0618,25.0,Sales,1.0,109681,No,Medium,No
EMP_0619,45.0,Marketing,1.0,72101,No,Medium,Yes
EMP_0620,40.0,Sales,3.0,42775,Yes,High,No
EMP_0621,25.0,HR,2.0,85619,No,Medium,No
EMP_0622,25.0,HR,1.0,85838,Yes,Low,No
EMP_0623,30.0,HR,7.0,59539,Yes,Medium,No
EMP_0624,30.0,Marketing,3.0,97124,Yes,Medium,No
EMP_0625,35.0,Sales,2.0,105149,Yes,Low,No
EMP_0626,30.0,Sales,15.0,66616,Yes,Medium,Yes
EMP_0627,30.0,IT,1.0,119655,No,Medium,No
EMP_0628,40.0,IT,,94567,Yes,High,No
EMP_0629,22.0,Sales,2.0,77099,Yes,Medium,No
EMP_0630,25.0,Sales,10.0,115831,Yes,Medium,No
EMP_0631,40.0,Sales,5.0,101799,No,Low,Yes
EMP_0632,50.0,Marketing,10.0,65479,No,High,Yes
EMP_0633,35.0,Sales,,86172,No,High,No
EMP_0634,35.0,IT,2.0,95863,No,High,No
EMP_0635,25.0,Marketing,,82043,Yes,Medium,No
EMP_0636,30.0,Sales,3.0,55408,Yes,High,No
EMP_0637,35.0,IT,3.0,97980,No,Low,No
EMP_0638,25.0,Marketing,2.0,56351,No,High,No
EMP_0639,25.0,Sales,3.0,44131,No,Low,No
EMP_0640,30.0,Sales,2.0,84825,No,High,No
EMP_0641,22.0,Sales,5.0,51349,Yes,High,No
EMP_0642,30.0,Marketing,3.0,100931,No,Low,No
EMP_0643,25.0,IT,7.0,84254,No,High,Yes
EMP_0644,30.0,IT,10.0,78225,No,High,No
EMP_0645,25.0,HR,3.0,52453,No,High,No
EMP_0646,50.0,Sales,2.0,58814,No,Medium,No
EMP_0647,35.0,HR,2.0,58263,No,Low,Yes
EMP_0648,40.0,HR,2.0,117694,No,High,No
EMP_0649,45.0,IT,1.0,55735,Yes,Low,Yes
EMP_0650,30.0,Marketing,2.0,55830,Yes,Low,Yes
EMP_0651,22.0,Marketing,2.0,87893,Yes,Low,No
EMP_0652,35.0,IT,,84673,Yes,High,No
EMP_0653,35.0,Marketing,5.0,85066,Yes,High,No
EMP_0654,40.0,HR,2.0,43373,Yes,Low,No
EMP_0655,30.0,Sales,5.0,50335,No,Medium,Yes
EMP_0656,25.0,IT,1.0,63741,No,Low,No
EMP_0657,25.0,Sales,3.0,50692,Yes,Medium,No
EMP_0658,30.0,Marketing,5.0,87295,No,Low,No
EMP_0659,35.0,Sales,3.0,85541,Yes,Low,No
EMP_0660,35.0,Marketing,3.0,74057,No,Low,No
EMP_0661,30.0,Marketing,,106983,No,High,No
EMP_0662,,HR,10.0,59583,No,Medium,Yes
EMP_0663,35.0,Marketing,5.0,62765,No,Medium,No
EMP_0664,25.0,HR,5.0,99287,No,Low,No
EMP_0665,25.0,HR,5.0,63906,No,High,Yes
EMP_0666,25.0,HR,2.0,119675,Yes,High,No
EMP_0667,25.0,IT,3.0,86525,Yes,Medium,No
EMP_0668,25.0,IT,1.0,78230,No,High,No
EMP_0669,25.0,Marketing,3.0,59520,Yes,Medium,Yes
EMP_0670,25.0,HR,3.0,91934,No,Medium,No
EMP_0671,25.0,IT,2.0,65566,Yes,Medium,No
EMP_0672,50.0,HR,,113193,No,High,No
EMP_0673,22.0,Sales,15.0,70134,Yes,Medium,No
EMP_0674,35.0,Sales,7.0,50345,No,Medium,No
EMP_0675,30.0,Sales,3.0,81185,Yes,Low,No
EMP_0676,,Marketing,10.0,110744,No,Medium,No
EMP_0677,25.0,HR,1.0,73455,Yes,Medium,No
EMP_0678,30.0,Sales,7.0,68018,No,Low,No
EMP_0679,,IT,1.0,94219,No,Low,No
EMP_0680,50.0,Sales,7.0,85991,No,High,Yes
EMP_0681,45.0,Sales,2.0,113616,Yes,Medium,No
EMP_0682,25.0,Sales,10.0,49486,Yes,High,No
EMP_0683,25.0,Marketing,15.0,78862,Yes,High,No
EMP_0684,40.0,IT,1.0,98870,No,Low,No
EMP_0685,50.0,HR,3.0,83856,Yes,High,No
EMP_0686,35.0,IT,,71379,No,Medium,No
EMP_0687,35.0,HR,3.0,104729,Yes,Low,No
EMP_0688,25.0,Marketing,10.0,68378,Yes,Medium,No
EMP_0689,45.0,Marketing,5.0,94353,Yes,Medium,No
EMP_0690,25.0,Marketing,3.0,89996,Yes,Low,No
EMP_0691,30.0,Marketing,2.0,54031,No,Medium,No
EMP_0692,30.0,HR,2.0,105982,Yes,Low,No
EMP_0693,35.0,Sales,7.0,76683,Yes,Medium,No
EMP_0694,25.0,HR,3.0,57618,No,Low,No
EMP_0695,25.0,IT,3.0,46587,No,High,No
EMP_0696,35.0,Marketing,3.0,102790,Yes,Medium,No
EMP_0697,25.0,Marketing,5.0,71480,Yes,Low,No
EMP_0698,35.0,IT,10.0,60527,No,Medium,No
EMP_0699,25.0,HR,,63569,No,Medium,No
EMP_0700,30.0,Sales,3.0,51151,No,Medium,Yes
EMP_0701,35.0,Sales,10.0,111094,Yes,Low,No
EMP_0702,22.0,IT,7.0,99174,Yes,High,No
EMP_0703,30.0,Sales,5.0,84739,Yes,High,No
EMP_0704,25.0,HR,,72954,No,High,No
EMP_0705,22.0,HR,2.0,75303,No,Low,No
EMP_0706,,IT,1.0,74700,No,High,No
EMP_0707,30.0,HR,10.0,107568,Yes,Low,No
EMP_0708,45.0,Marketing,3.0,106788,No,Medium,No
EMP_0709,25.0,IT,10.0,111045,Yes,Medium,Yes
EMP_0710,40.0,HR,10.0,77842,No,High,No
EMP_0711,45.0,IT,1.0,53900,Yes,Low,No
EMP_0712,35.0,Sales,10.0,41881,Yes,Medium,No
EMP_0713,30.0,HR,3.0,73037,No,Low,No
EMP_0714,30.0,Marketing,3.0,41630,Yes,Low,No
EMP_0715,30.0,HR,5.0,60789,No,Medium,No
EMP_0716,50.0,IT,15.0,86151,Yes,Low,No
EMP_0717,45.0,IT,1.0,88920,No,Medium,No
EMP_0718,,HR,3.0,107231,No,Medium,No
EMP_0719,25.0,Marketing,5.0,43262,Yes,Medium,No
EMP_0720,40.0,Marketing,7.0,106981,No,Low,No
EMP_0721,50.0,Marketing,5.0,115485,Yes,Medium,No
EMP_0722,25.0,IT,1.0,94722,No,Low,No
EMP_0723,22.0,HR,2.0,90818,No,Medium,No
EMP_0724,40.0,Sales,3.0,69932,No,Medium,No
EMP_0725,35.0,IT,10.0,46901,No,High,Yes
EMP_0726,45.0,Marketing,2.0,48597,Yes,High,No
EMP_0727,25.0,HR,2.0,103909,No,High,No
EMP_0728,45.0,Marketing,,112391,No,Low,Yes
EMP_0729,25.0,Sales,1.0,48263,Yes,Low,Yes
EMP_0730,25.0,Marketing,,103293,Yes,Medium,Yes
EMP_0731,25.0,Marketing,5.0,65805,Yes,Medium,No
EMP_0732,45.0,Sales,10.0,51874,Yes,Medium,No
EMP_0733,40.0,HR,2.0,54079,Yes,Medium,No
EMP_0734,35.0,IT,1.0,89850,Yes,Low,Yes
EMP_0735,30.0,HR,7.0,112779,No,Medium,Yes
EMP_0736,50.0,Sales,10.0,49018,Yes,Medium,No
EMP_0737,30.0,Marketing,7.0,89500,No,High,No
EMP_0738,45.0,HR,1.0,52100,Yes,Medium,No
EMP_0739,30.0,IT,7.0,97021,No,Medium,Yes
EMP_0740,30.0,Sales,7.0,59800,No,Medium,No
EMP_0741,30.0,HR,5.0,103400,No,Low,No
EMP_0742,30.0,IT,7.0,69437,Yes,High,No
EMP_0743,40.0,Sales,10.0,116537,Yes,Medium,No
EMP_0744,35.0,IT,5.0,86675,Yes,Medium,No
EMP_0745,25.0,Sales,1.0,59942,Yes,High,No
EMP_0746,50.0,Marketing,3.0,60862,No,Medium,No
EMP_0747,30.0,HR,1.0,51669,Yes,Low,No
EMP_0748,35.0,IT,3.0,93772,No,Medium,No
EMP_0749,50.0,Sales,3.0,55916,No,Low,Yes
EMP_0750,35.0,IT,1.0,50878,Yes,Low,No
EMP_0751,25.0,IT,2.0,42985,Yes,Medium,No
EMP_0752,50.0,HR,1.0,113648,Yes,High,No
EMP_0753,35.0,Marketing,10.0,81235,No,Low,No
EMP_0754,30.0,IT,15.0,58931,Yes,High,No
EMP_0755,25.0,Sales,1.0,40336,No,Medium,Yes
EMP_0756,45.0,Sales,,82933,Yes,Low,No
EMP_0757,35.0,Marketing,3.0,85536,No,Medium,No
EMP_0758,35.0,Sales,2.0,109504,Yes,High,No
EMP_0759,50.0,Marketing,1.0,91148,Yes,Medium,Yes
EMP_0760,45.0,Sales,3.0,56279,No,Medium,No
EMP_0761,25.0,HR,7.0,108665,Yes,Low,No
EMP_0762,30.0,IT,7.0,111386,Yes,Medium,No
EMP_0763,25.0,HR,1.0,117485,Yes,Medium,No
EMP_0764,40.0,IT,1.0,114055,Yes,Medium,No
EMP_0765,22.0,IT,3.0,117273,Yes,Low,No
EMP_0766,35.0,IT,2.0,106670,Yes,High,No
EMP_0767,45.0,HR,2.0,116474,Yes,High,Yes
EMP_0768,50.0,IT,2.0,94028,No,Medium,Yes
EMP_0769,30.0,HR,10.0,111128,No,Low,No
EMP_0770,45.0,Marketing,15.0,58108,Yes,Medium,No
EMP_0771,25.0,Sales,3.0,92495,Yes,High,No
EMP_0772,45.0,Sales,15.0,116533,Yes,Low,No
EMP_0773,25.0,IT,2.0,96830,No,High,No
EMP_0774,30.0,HR,3.0,114640,No,High,No
EMP_0775,45.0,Sales,2.0,92509,Yes,Low,No
EMP_0776,25.0,HR,5.0,106406,No,Low,No
EMP_0777,25.0,HR,,79519,Yes,Medium,No
EMP_0778,40.0,IT,5.0,89649,Yes,Medium,No
EMP_0779,40.0,Sales,3.0,74524,Yes,High,No
EMP_0780,35.0,IT,5.0,73885,Yes,Low,No
EMP_0781,40.0,IT,1.0,84369,No,Low,No
EMP_0782,35.0,Sales,10.0,70676,No,Medium,No
EMP_0783,25.0,Sales,3.0,104093,Yes,High,Yes
EMP_0784,30.0,Marketing,3.0,87764,No,High,No
EMP_0785,25.0,Marketing,5.0,90799,No,Medium,No
EMP_0786,50.0,HR,5.0,119414,Yes,Low,Yes
EMP_0787,35.0,Sales,1.0,112307,No,Medium,No
EMP_0788,30.0,Marketing,5.0,71923,Yes,Medium,No
EMP_0789,30.0,HR,2.0,118388,Yes,Medium,No
EMP_0790,50.0,HR,7.0,87574,Yes,Medium,No
EMP_0791,25.0,HR,10.0,83391,Yes,Low,No
EMP_0792,35.0,Marketing,10.0,93664,No,Medium,No
EMP_0793,35.0,Sales,5.0,107384,Yes,Low,No
EMP_0794,35.0,IT,3.0,71027,No,Medium,No
EMP_0795,22.0,HR,1.0,75464,Yes,High,Yes
EMP_0796,50.0,Marketing,7.0,74485,Yes,Low,No
EMP_0797,50.0,Marketing,2.0,59456,No,High,Yes
EMP_0798,35.0,IT,3.0,114795,Yes,Medium,No
EMP_0799,40.0,IT,2.0,75554,No,Medium,No
EMP_0800,50.0,Marketing,1.0,86922,No,Medium,No
EMP_0801,40.0,Sales,5.0,53409,Yes,Low,No
EMP_0802,25.0,IT,1.0,109327,Yes,High,No
EMP_0803,35.0,Marketing,7.0,76639,Yes,Low,No
EMP_0804,35.0,IT,2.0,103627,Yes,Low,No
EMP_0805,30.0,Sales,1.0,59692,Yes,Medium,No
EMP_0806,40.0,HR,3.0,118840,Yes,High,No
EMP_0807,50.0,IT,1.0,94200,No,Medium,Yes
EMP_0808,50.0,Sales,2.0,97415,No,Low,No
EMP_0809,30.0,Marketing,7.0,58074,Yes,Medium,Yes
EMP_0810,25.0,IT,1.0,55549,No,High,No
EMP_0811,,IT,10.0,69963,No,Medium,Yes
EMP_0812,45.0,Marketing,1.0,92265,Yes,High,Yes
EMP_0813,25.0,HR,2.0,56061,Yes,High,No
EMP_0814,50.0,Marketing,7.0,98226,No,Medium,No
EMP_0815,50.0,IT,2.0,68810,Yes,Low,Yes
EMP_0816,35.0,Marketing,1.0,100006,No,Medium,No
EMP_0817,35.0,Sales,3.0,62800,Yes,Low,No
EMP_0818,30.0,Marketing,2.0,115476,No,Low,No
EMP_0819,22.0,IT,10.0,109460,No,Medium,Yes
EMP_0820,30.0,Marketing,2.0,97767,No,Low,No
EMP_0821,45.0,HR,7.0,68054,No,Low,No
EMP_0822,22.0,Marketing,10.0,115319,Yes,Medium,Yes
EMP_0823,30.0,HR,3.0,85397,Yes,Medium,No
EMP_0824,30.0,Sales,15.0,53233,No,Medium,No
EMP_0825,35.0,HR,3.0,65068,No,Low,No
EMP_0826,50.0,Marketing,,105727,Yes,High,No
EMP_0827,30.0,IT,1.0,110453,Yes,Low,No
EMP_0828,30.0,HR,5.0,65832,No,High,No
EMP_0829,40.0,Sales,3.0,53682,No,Medium,No
EMP_0830,30.0,HR,3.0,63383,No,High,No
EMP_0831,25.0,HR,5.0,98160,No,Medium,No
EMP_0832,30.0,HR,7.0,63666,No,Medium,No
EMP_0833,25.0,Sales,1.0,98817,Yes,High,No
EMP_0834,25.0,Marketing,2.0,74642,No,Medium,No
EMP_0835,30.0,HR,7.0,81830,Yes,High,No
EMP_0836,30.0,HR,5.0,50234,Yes,Medium,No
EMP_0837,50.0,IT,,97616,Yes,Low,No
EMP_0838,30.0,Sales,7.0,49221,No,Low,No
EMP_0839,35.0,HR,,51410,Yes,Medium,No
EMP_0840,35.0,Sales,7.0,101413,Yes,Medium,Yes
EMP_0841,22.0,HR,2.0,41051,Yes,High,No
EMP_0842,40.0,Marketing,1.0,115301,Yes,Low,No
EMP_0843,25.0,Marketing,7.0,116918,No,High,No
EMP_0844,,HR,5.0,118116,No,Medium,No
EMP_0845,25.0,Marketing,1.0,96563,Yes,Medium,No
EMP_0846,30.0,HR,3.0,84757,Yes,High,Yes
EMP_0847,22.0,Marketing,,117475,No,Medium,Yes
EMP_0848,,IT,3.0,91257,No,Low,No
EMP_0849,35.0,IT,3.0,40307,No,High,Yes
EMP_0850,35.0,IT,3.0,96889,Yes,Low,No
EMP_0851,22.0,Sales,2.0,108895,No,Low,No
EMP_0852,40.0,Sales,3.0,75944,Yes,Low,No
EMP_0853,25.0,IT,3.0,78134,Yes,High,Yes
EMP_0854,50.0,Sales,1.0,67323,No,Medium,No
EMP_0855,25.0,Marketing,7.0,111762,Yes,Low,No
EMP_0856,25.0,HR,3.0,65954,No,Low,No
EMP_0857,22.0,HR,10.0,95021,Yes,Low,No
EMP_0858,30.0,HR,10.0,119866,No,Medium,No
EMP_0859,35.0,IT,2.0,110427,Yes,Medium,No
EMP_0860,22.0,Sales,5.0,44992,Yes,High,No
EMP_0861,45.0,Marketing,3.0,41961,No,Medium,No
EMP_0862,30.0,Marketing,10.0,52497,No,High,No
EMP_0863,35.0,IT,2.0,72551,No,High,No
EMP_0864,30.0,Marketing,5.0,116384,No,High,No
EMP_0865,30.0,Marketing,5.0,95755,Yes,High,No
EMP_0866,35.0,Marketing,2.0,53255,No,High,No
EMP_0867,25.0,Marketing,1.0,44567,No,Low,Yes
EMP_0868,25.0,Sales,5.0,88847,Yes,Medium,No
EMP_0869,50.0,Marketing,7.0,88003,No,Low,Yes
EMP_0870,50.0,HR,2.0,60389,No,High,Yes
EMP_0871,30.0,IT,5.0,84523,Yes,Medium,No
EMP_0872,25.0,Sales,3.0,101576,No,Low,No
EMP_0873,35.0,Marketing,7.0,83919,No,Low,No
EMP_0874,30.0,Sales,2.0,43358,No,High,No
EMP_0875,22.0,Marketing,10.0,116524,No,Low,Yes
EMP_0876,25.0,HR,2.0,45698,No,Low,No
EMP_0877,40.0,IT,3.0,106809,No,Low,Yes
EMP_0878,40.0,Marketing,1.0,95805,Yes,Low,No
EMP_0879,22.0,Marketing,1.0,71349,No,Low,No
EMP_0880,25.0,Marketing,3.0,116777,Yes,High,No
EMP_0881,25.0,Marketing,2.0,90248,Yes,High,No
EMP_0882,40.0,IT,10.0,115033,Yes,Low,No
EMP_0883,22.0,IT,1.0,84041,Yes,High,No
EMP_0884,25.0,HR,3.0,71954,No,High,No
EMP_0885,45.0,IT,2.0,48002,No,Medium,No
EMP_0886,25.0,Marketing,1.0,109783,No,Low,No
EMP_0887,40.0,HR,1.0,59738,Yes,High,Yes
EMP_0888,25.0,HR,3.0,50703,No,High,No
EMP_0889,22.0,HR,3.0,89422,No,Low,No
EMP_0890,25.0,Marketing,3.0,101899,No,Medium,No
EMP_0891,40.0,Sales,3.0,52392,Yes,Low,No
EMP_0892,50.0,Marketing,5.0,84724,Yes,Medium,No
EMP_0893,45.0,IT,1.0,72299,No,Low,No
EMP_0894,30.0,IT,3.0,55641,Yes,Low,No
EMP_0895,40.0,Marketing,,119534,Yes,Low,No
EMP_0896,25.0,Marketing,3.0,46305,No,Low,No
EMP_0897,25.0,HR,5.0,58782,Yes,Medium,No
EMP_0898,50.0,Marketing,2.0,118257,Yes,Medium,No
EMP_0899,22.0,HR,7.0,117963,No,High,No
EMP_0900,22.0,IT,7.0,60566,Yes,Low,No
EMP_0901,25.0,HR,3.0,107766,Yes,Medium,No
EMP_0902,22.0,Marketing,,46511,Yes,Medium,No
EMP_0903,25.0,IT,1.0,66177,Yes,Medium,No
EMP_0904,35.0,Sales,1.0,44765,Yes,Low,Yes
EMP_0905,30.0,HR,7.0,60354,Yes,High,No
EMP_0906,50.0,IT,10.0,63929,Yes,Medium,No
EMP_0907,45.0,HR,1.0,68820,Yes,Low,Yes
EMP_0908,30.0,IT,2.0,69523,No,Medium,Yes
EMP_0909,25.0,IT,1.0,111088,No,Medium,No
EMP_0910,30.0,HR,2.0,106163,No,High,Yes
EMP_0911,35.0,Sales,7.0,117525,No,Medium,No
EMP_0912,25.0,IT,3.0,53780,Yes,Medium,No
EMP_0913,35.0,IT,2.0,46589,No,Low,No
EMP_0914,30.0,IT,3.0,74812,No,Low,No
EMP_0915,35.0,Sales,1.0,85939,Yes,High,No
EMP_0916,30.0,Sales,2.0,91493,Yes,Low,No
EMP_0917,25.0,Marketing,5.0,80953,Yes,Low,No
EMP_0918,50.0,HR,,105785,Yes,High,No
EMP_0919,45.0,Sales,10.0,59309,Yes,Medium,No
EMP_0920,25.0,HR,1.0,94195,No,High,No
EMP_0921,50.0,Marketing,10.0,65901,Yes,Low,Yes
EMP_0922,30.0,HR,7.0,63576,No,High,No
EMP_0923,50.0,Sales,7.0,71508,No,Medium,Yes
EMP_0924,45.0,HR,3.0,114711,Yes,High,No
EMP_0925,30.0,Sales,3.0,65464,No,Low,No
EMP_0926,22.0,HR,2.0,100281,No,Low,No
EMP_0927,25.0,Sales,1.0,56260,Yes,High,No
EMP_0928,35.0,Sales,2.0,75440,No,Medium,Yes
EMP_0929,35.0,HR,2.0,96683,No,High,No
EMP_0930,25.0,Marketing,3.0,81430,No,Medium,No
EMP_0931,25.0,IT,7.0,41987,Yes,Medium,No
EMP_0932,45.0,Marketing,3.0,65105,Yes,High,No
EMP_0933,,HR,1.0,118484,Yes,Medium,No
EMP_0934,35.0,Marketing,,53026,No,Low,No
EMP_0935,25.0,Sales,15.0,108309,Yes,High,No
EMP_0936,25.0,IT,7.0,85927,No,Medium,No
EMP_0937,22.0,HR,,115414,Yes,Low,No
EMP_0938,50.0,HR,3.0,97535,No,High,No
EMP_0939,25.0,HR,,82946,Yes,Low,No
EMP_0940,35.0,IT,1.0,96561,Yes,Low,Yes
EMP_0941,25.0,Sales,3.0,50377,No,Low,No
EMP_0942,35.0,HR,2.0,93592,Yes,Medium,No
EMP_0943,40.0,Marketing,2.0,47347,No,High,No
EMP_0944,45.0,HR,1.0,73776,Yes,High,Yes
EMP_0945,25.0,HR,5.0,43783,Yes,Medium,No
EMP_0946,22.0,HR,7.0,95798,No,High,No
EMP_0947,25.0,HR,5.0,44298,No,Low,No
EMP_0948,50.0,Sales,1.0,110204,No,High,No
EMP_0949,50.0,Marketing,10.0,95161,Yes,Medium,No
EMP_0950,35.0,Sales,5.0,100652,No,Low,No
EMP_0951,35.0,Marketing,3.0,74484,Yes,Medium,No
EMP_0952,40.0,HR,5.0,60922,No,Low,No
EMP_0953,25.0,IT,2.0,74028,No,Low,No
EMP_0954,50.0,Sales,2.0,60316,No,High,No
EMP_0955,30.0,IT,15.0,116996,No,Low,No
EMP_0956,30.0,Sales,2.0,56968,No,Medium,Yes
EMP_0957,35.0,HR,3.0,70266,No,High,Yes
EMP_0958,22.0,Sales,10.0,64000,Yes,Medium,No
EMP_0959,25.0,HR,7.0,54011,No,Low,No
EMP_0960,40.0,Sales,1.0,42866,Yes,Medium,No
EMP_0961,22.0,HR,1.0,45898,No,Medium,No
EMP_0962,35.0,HR,1.0,58395,No,Low,Yes
EMP_0963,25.0,Marketing,5.0,79019,No,High,No
EMP_0964,30.0,HR,3.0,44006,Yes,Medium,No
EMP_0965,25.0,Marketing,1.0,74393,Yes,Low,No
EMP_0966,30.0,HR,,50956,No,High,No
EMP_0967,40.0,IT,3.0,90042,Yes,High,No
EMP_0968,25.0,HR,2.0,46078,No,High,No
EMP_0969,35.0,IT,3.0,69631,No,Medium,No
EMP_0970,30.0,IT,5.0,102901,Yes,Medium,No
EMP_0971,40.0,HR,1.0,109497,Yes,Medium,No
EMP_0972,50.0,IT,2.0,81574,Yes,High,No
EMP_0973,40.0,Marketing,10.0,71417,Yes,Medium,Yes
EMP_0974,25.0,Sales,3.0,105006,No,Low,Yes
EMP_0975,22.0,HR,3.0,79454,Yes,Medium,No
EMP_0976,25.0,IT,3.0,41587,Yes,Medium,No
EMP_0977,35.0,HR,1.0,94710,No,High,No
EMP_0978,22.0,Marketing,2.0,115886,Yes,Medium,No
EMP_0979,30.0,HR,3.0,58816,Yes,Low,No
EMP_0980,35.0,HR,2.0,69432,Yes,High,No
EMP_0981,30.0,IT,1.0,88617,Yes,Low,No
EMP_0982,45.0,Marketing,10.0,112373,No,High,No
EMP_0983,25.0,Sales,,74217,No,High,No
EMP_0984,22.0,Sales,7.0,60884,Yes,Medium,No
EMP_0985,40.0,IT,10.0,45454,Yes,Low,No
EMP_0986,30.0,HR,2.0,114960,No,High,No
EMP_0987,40.0,IT,,83618,Yes,Medium,No
EMP_0988,30.0,IT,2.0,102671,Yes,High,No
EMP_0989,25.0,IT,,87111,Yes,High,No
EMP_0990,45.0,HR,,79613,Yes,High,Yes
EMP_0991,45.0,Marketing,7.0,99993,Yes,High,No
EMP_0992,40.0,IT,,48848,Yes,High,No
EMP_0993,25.0,HR,5.0,118672,Yes,High,No
EMP_0994,35.0,Marketing,2.0,106125,Yes,Medium,No
EMP_0995,30.0,IT,3.0,101602,Yes,High,No
EMP_0996,22.0,Sales,5.0,112045,No,Low,No
EMP_0997,50.0,Marketing,1.0,82222,No,Medium,No
EMP_0998,25.0,IT,5.0,89223,No,Low,No
EMP_0999,,Marketing,,105333,Yes,High,No
EMP_1000,30.0,Marketing,2.0,92732,Yes,Low,Yes
EMP_1001,25.0,Marketing,7.0,89420,No,High,Yes
EMP_1002,35.0,Marketing,15.0,115504,Yes,High,No
EMP_1003,50.0,Marketing,15.0,42462,No,Medium,No
EMP_1004,40.0,Marketing,,49460,Yes,Medium,No
EMP_1005,45.0,IT,3.0,49275,No,High,No
EMP_1006,40.0,Sales,,53269,No,Medium,No
EMP_1007,40.0,HR,7.0,105942,No,Low,No
EMP_1008,45.0,Marketing,2.0,112920,Yes,Medium,No
EMP_1009,25.0,HR,3.0,62553,No,Medium,No
EMP_1010,30.0,IT,7.0,64366,Yes,Low,No
EMP_1011,25.0,Marketing,2.0,84036,Yes,Medium,No
EMP_1012,,Sales,5.0,57369,Yes,High,No
EMP_1013,50.0,HR,5.0,51795,Yes,Low,No
EMP_1014,22.0,Marketing,2.0,110021,Yes,High,No
EMP_1015,40.0,IT,5.0,108154,Yes,Low,No
EMP_1016,50.0,Sales,7.0,70143,Yes,High,No
EMP_1017,25.0,HR,3.0,69425,No,High,No
EMP_1018,35.0,HR,1.0,115139,No,Medium,No
EMP_1019,50.0,Marketing,1.0,45368,No,High,No
EMP_1020,22.0,Sales,3.0,44621,Yes,Medium,No
EMP_1021,40.0,Sales,15.0,98829,Yes,Low,No
EMP_1022,25.0,Sales,2.0,100294,Yes,High,No
EMP_1023,50.0,Sales,5.0,54719,Yes,High,No
EMP_1024,,IT,2.0,69227,No,Low,No
EMP_1025,50.0,Sales,2.0,47566,Yes,Low,No
EMP_1026,30.0,HR,10.0,52306,No,High,No
EMP_1027,50.0,HR,7.0,93822,Yes,Low,No
EMP_1028,45.0,IT,1.0,64042,No,Medium,Yes
EMP_1029,30.0,HR,3.0,55086,Yes,Low,No
EMP_1030,45.0,HR,1.0,57387,No,Low,No
EMP_1031,22.0,Sales,3.0,67042,Yes,High,No
EMP_1032,35.0,HR,5.0,91618,No,Medium,No
EMP_1033,25.0,IT,1.0,58323,Yes,Low,No
EMP_1034,25.0,Sales,2.0,58019,No,Medium,No
EMP_1035,22.0,Marketing,3.0,115426,No,Medium,Yes
EMP_1036,40.0,Sales,15.0,80863,Yes,Medium,No
EMP_1037,30.0,IT,,50283,No,High,No
EMP_1038,40.0,Sales,1.0,58279,Yes,Low,No
EMP_1039,22.0,Sales,7.0,86999,Yes,High,No
EMP_1040,30.0,IT,3.0,102780,Yes,Low,No
EMP_1041,35.0,Sales,3.0,62908,No,Low,No
EMP_1042,45.0,IT,7.0,101584,No,High,No
EMP_1043,30.0,IT,15.0,90225,Yes,Medium,No
EMP_1044,35.0,Marketing,,77952,Yes,Medium,No
EMP_1045,50.0,HR,5.0,77663,No,Low,No
EMP_1046,35.0,HR,3.0,101381,No,High,Yes
EMP_1047,25.0,Sales,7.0,87929,No,Medium,No
EMP_1048,22.0,Sales,2.0,49343,Yes,Medium,No
EMP_1049,50.0,Marketing,5.0,116173,Yes,Low,No
EMP_1050,22.0,Marketing,3.0,79791,Yes,Low,No
EMP_1051,50.0,Marketing,5.0,69134,Yes,High,No
EMP_1052,35.0,IT,2.0,87101,Yes,Low,No
EMP_1053,50.0,Marketing,2.0,109443,No,Medium,No
EMP_1054,45.0,Marketing,15.0,97530,Yes,Medium,No
EMP_1055,,Sales,1.0,86799,No,Medium,Yes
EMP_1056,30.0,Marketing,3.0,44827,No,Medium,No
EMP_1057,45.0,IT,2.0,102653,Yes,High,No
EMP_1058,30.0,IT,1.0,53699,No,High,No
EMP_1059,30.0,Sales,1.0,45313,Yes,Low,No
EMP_1060,35.0,Marketing,2.0,53598,No,Low,No
EMP_1061,50.0,Marketing,10.0,68807,Yes,Low,No
EMP_1062,,IT,2.0,110423,Yes,High,No
EMP_1063,45.0,Marketing,,109390,No,Medium,No
EMP_1064,30.0,Marketing,5.0,85226,Yes,Low,No
EMP_1065,30.0,Marketing,3.0,99550,No,Medium,No
EMP_1066,40.0,HR,5.0,43558,Yes,Low,Yes
EMP_1067,25.0,Sales,3.0,115308,Yes,Low,No
EMP_1068,25.0,HR,7.0,90113,Yes,Low,No
EMP_1069,30.0,Sales,2.0,92999,No,Low,No
EMP_1070,25.0,IT,3.0,95878,No,Low,No
EMP_1071,25.0,Marketing,10.0,76343,Yes,Medium,No
EMP_1072,25.0,Sales,15.0,98219,No,Low,Yes
EMP_1073,22.0,HR,10.0,75186,Yes,Medium,Yes
EMP_1074,22.0,Marketing,3.0,76966,No,High,Yes
EMP_1075,,IT,7.0,73769,No,Low,No
EMP_1076,30.0,Sales,3.0,93218,Yes,Medium,No
EMP_1077,30.0,Sales,3.0,59229,Yes,High,Yes
EMP_1078,40.0,Sales,2.0,115209,Yes,High,No
EMP_1079,25.0,Marketing,5.0,67877,Yes,High,No
EMP_1080,50.0,HR,2.0,98001,Yes,Medium,No
EMP_1081,45.0,HR,2.0,78084,No,Low,No
EMP_1082,22.0,Sales,10.0,56806,No,Low,No
EMP_1083,30.0,IT,2.0,77034,Yes,Medium,No
EMP_1084,50.0,IT,1.0,80317,Yes,Low,No
EMP_1085,50.0,HR,1.0,95468,Yes,Medium,No
EMP_1086,30.0,IT,15.0,59094,No,Low,No
EMP_1087,35.0,HR,3.0,97796,Yes,High,No
EMP_1088,25.0,Sales,3.0,50589,Yes,Low,No
EMP_1089,,HR,10.0,97221,No,Medium,No
EMP_1090,25.0,HR,10.0,41657,No,Medium,No
EMP_1091,50.0,Sales,2.0,79531,No,High,No
EMP_1092,35.0,IT,5.0,92227,No,Medium,No
EMP_1093,35.0,HR,7.0,43164,Yes,Low,No
EMP_1094,35.0,HR,5.0,81247,No,Low,No
EMP_1095,25.0,Sales,2.0,59601,No,High,No
EMP_1096,25.0,IT,10.0,90599,Yes,Medium,No
EMP_1097,25.0,HR,3.0,111545,Yes,High,No
EMP_1098,25.0,Sales,2.0,44552,Yes,Low,No
EMP_1099,45.0,HR,3.0,49417,No,High,No
EMP_1100,30.0,Marketing,1.0,98579,Yes,Medium,No
EMP_1101,22.0,Sales,1.0,108207,No,High,No
EMP_1102,,IT,7.0,112055,No,Medium,No
EMP_1103,50.0,IT,1.0,118270,No,Medium,No
EMP_1104,50.0,IT,3.0,43722,Yes,Low,No
EMP_1105,,IT,3.0,110442,No,Low,No
EMP_1106,25.0,HR,1.0,80031,Yes,Low,Yes
EMP_1107,30.0,HR,,119235,Yes,Medium,No
EMP_1108,45.0,IT,2.0,61438,Yes,High,No
EMP_1109,40.0,IT,2.0,98819,No,Medium,No
EMP_1110,25.0,IT,2.0,83856,No,Low,No
EMP_1111,45.0,HR,2.0,73576,No,Low,No
EMP_1112,25.0,IT,1.0,81938,Yes,High,Yes
EMP_1113,25.0,IT,7.0,89028,No,Low,No
EMP_1114,35.0,Marketing,,99807,No,Low,Yes
EMP_1115,35.0,Marketing,2.0,89877,No,Low,No
EMP_1116,35.0,IT,5.0,83461,No,High,No
EMP_1117,22.0,Sales,7.0,80469,No,Medium,No
EMP_1118,50.0,IT,10.0,60435,Yes,Low,No
EMP_1119,25.0,Marketing,3.0,54191,Yes,High,No
EMP_1120,25.0,Sales,2.0,67386,Yes,Low,No
EMP_1121,50.0,Sales,2.0,71721,Yes,High,No
EMP_1122,,IT,7.0,94786,No,Low,No
EMP_1123,50.0,Marketing,10.0,53704,Yes,High,No
EMP_1124,45.0,Marketing,2.0,96635,No,Low,No
EMP_1125,40.0,Sales,3.0,42123,Yes,Medium,Yes
EMP_1126,35.0,IT,15.0,102993,Yes,Low,No
EMP_1127,22.0,HR,10.0,65416,Yes,High,No
EMP_1128,30.0,HR,,41814,No,Low,No
EMP_1129,30.0,Marketing,7.0,118537,No,Medium,No
EMP_1130,25.0,HR,3.0,90258,Yes,Low,No
EMP_1131,40.0,Marketing,5.0,56508,No,High,No
EMP_1132,30.0,Marketing,5.0,118916,Yes,High,No
EMP_1133,22.0,Marketing,1.0,75699,Yes,Medium,No
EMP_1134,25.0,HR,3.0,86335,Yes,High,Yes
EMP_1135,40.0,Marketing,7.0,86806,No,Low,Yes
EMP_1136,22.0,Sales,2.0,117853,Yes,Low,No
EMP_1137,50.0,IT,7.0,103768,Yes,Low,No
EMP_1138,30.0,IT,5.0,75739,Yes,High,No
EMP_1139,30.0,Marketing,,74785,No,Low,Yes
EMP_1140,35.0,IT,1.0,71980,Yes,Low,No
EMP_1141,45.0,HR,2.0,41609,No,Low,No
EMP_1142,30.0,HR,5.0,106253,Yes,Medium,No
EMP_1143,40.0,IT,2.0,68141,No,High,No
EMP_1144,35.0,HR,7.0,70009,Yes,High,No
EMP_1145,25.0,IT,7.0,46782,Yes,High,No
EMP_1146,50.0,IT,1.0,65933,No,Medium,No
EMP_1147,45.0,IT,3.0,117154,No,High,No
EMP_1148,40.0,Marketing,3.0,48307,Yes,Medium,No
EMP_1149,50.0,IT,3.0,115874,No,Medium,Yes
EMP_1150,50.0,Marketing,15.0,78346,Yes,High,No
EMP_1151,40.0,IT,10.0,90772,Yes,Low,No
EMP_1152,45.0,IT,5.0,112084,Yes,Low,No
EMP_1153,40.0,IT,7.0,80149,No,High,Yes
EMP_1154,40.0,HR,3.0,67526,Yes,High,No
EMP_1155,35.0,Marketing,15.0,108477,No,Medium,No
EMP_1156,45.0,Marketing,5.0,45695,Yes,High,No
EMP_1157,25.0,IT,7.0,79169,No,Medium,No
EMP_1158,50.0,IT,10.0,87947,No,High,No
EMP_1159,50.0,HR,2.0,87224,Yes,Low,Yes
EMP_1160,22.0,HR,10.0,85865,No,Low,No
EMP_1161,45.0,HR,2.0,65553,Yes,High,No
EMP_1162,25.0,Marketing,2.0,100410,Yes,Medium,No
EMP_1163,30.0,Marketing,2.0,64816,Yes,Low,No
EMP_1164,40.0,Marketing,,95026,Yes,Medium,No
EMP_1165,25.0,IT,10.0,90705,Yes,High,No
EMP_1166,45.0,Marketing,7.0,101922,No,High,No
EMP_1167,45.0,Sales,7.0,113914,Yes,Low,No
EMP_1168,35.0,Sales,5.0,41881,No,High,No
EMP_1169,22.0,HR,15.0,79567,No,Low,No
EMP_1170,25.0,Marketing,3.0,87365,Yes,Medium,No
EMP_1171,35.0,Sales,3.0,119211,No,Low,No
EMP_1172,,HR,2.0,110122,Yes,Low,No
EMP_1173,35.0,Marketing,7.0,65006,No,Medium,No
EMP_1174,25.0,IT,7.0,81198,No,Low,No
EMP_1175,35.0,Sales,3.0,62831,No,Low,No
EMP_1176,35.0,IT,1.0,56459,Yes,High,Yes
EMP_1177,45.0,Marketing,10.0,72443,No,Medium,No
EMP_1178,25.0,Sales,1.0,82316,Yes,Low,No
EMP_1179,45.0,Marketing,7.0,104486,No,Medium,Yes
EMP_1180,35.0,IT,,45877,No,Medium,Yes
EMP_1181,,Sales,3.0,79553,No,Low,No
EMP_1182,30.0,IT,2.0,44922,No,High,No
EMP_1183,35.0,Marketing,7.0,44686,Yes,Medium,No
EMP_1184,50.0,Marketing,10.0,72766,Yes,Low,No
EMP_1185,25.0,IT,3.0,119943,No,Medium,No
EMP_1186,50.0,Sales,,72006,No,High,Yes
EMP_1187,40.0,IT,1.0,71422,Yes,High,No
EMP_1188,22.0,Marketing,3.0,52205,Yes,High,No
EMP_1189,30.0,IT,7.0,63527,Yes,Low,No
EMP_1190,40.0,Marketing,10.0,58443,Yes,Low,No
EMP_1191,22.0,IT,2.0,56524,No,High,No
EMP_1192,35.0,Sales,10.0,68202,No,Low,No
EMP_1193,30.0,Sales,5.0,105552,Yes,High,No
EMP_1194,35.0,IT,3.0,86142,Yes,Low,No
EMP_1195,22.0,IT,1.0,101692,Yes,High,No
EMP_1196,50.0,Sales,10.0,60855,Yes,Medium,No
EMP_1197,,Marketing,2.0,100372,Yes,High,No
EMP_1198,,Sales,2.0,65095,Yes,High,Yes
EMP_1199,40.0,Marketing,2.0,78724,No,Low,No
EMP_1200,25.0,IT,10.0,89241,No,Low,No
EMP_0001,30.0,IT,,57266,No,High,Yes
EMP_0002,,Marketing,7.0,83526,No,Low,No
EMP_0003,40.0,Sales,3.0,51889,No,Low,No
EMP_0004,35.0,IT,2.0,64335,No,Medium,Yes
EMP_0005,25.0,Sales,2.0,51254,Yes,Low,No
EMP_0006,25.0,IT,7.0,51442,Yes,Low,No
EMP_0007,22.0,HR,5.0,86289,No,Medium,No
EMP_0008,50.0,Sales,2.0,93747,Yes,High,No
EMP_0009,35.0,Sales,2.0,77327,No,Medium,Yes
EMP_0010,40.0,Marketing,1.0,56199,Yes,High,No
EMP_0011,22.0,Sales,5.0,112827,No,Medium,No
EMP_0012,,Sales,7.0,40112,No,High,No
EMP_0013,45.0,HR,2.0,59581,No,Medium,No
EMP_0014,25.0,Sales,1.0,99722,Yes,High,No
EMP_0015,25.0,HR,1.0,56523,Yes,Medium,No
