Employee_ID,Age,Years_Experience,Salary,Attrition,Department_HR,Department_IT,Department_Marketing,Department_Sales,Remote_Worker_No,Remote_Worker_Yes,Performance_High,Performance_Low,Performance_Medium
EMP_0001,30.0,3.0,57266,Yes,0,1,0,0,1,0,True,False,False
EMP_0002,33.69500438212095,7.0,83526,No,0,0,1,0,1,0,False,True,False
EMP_0003,40.0,3.0,51889,No,0,0,0,1,1,0,False,True,False
EMP_0004,35.0,2.0,64335,Yes,0,1,0,0,1,0,False,False,True
EMP_0005,25.0,2.0,51254,No,0,0,0,1,0,1,False,True,False
EMP_0006,25.0,7.0,51442,No,0,1,0,0,0,1,False,True,False
EMP_0007,22.0,5.0,86289,No,1,0,0,0,1,0,False,False,True
EMP_0008,50.0,2.0,93747,No,0,0,0,1,0,1,True,False,False
EMP_0009,35.0,2.0,77327,Yes,0,0,0,1,1,0,False,False,True
EMP_0010,40.0,1.0,56199,No,0,0,1,0,0,1,True,False,False
EMP_0011,22.0,5.0,112827,No,0,0,0,1,1,0,False,False,True
EMP_0012,33.69500438212095,7.0,40112,No,0,0,0,1,1,0,True,False,False
EMP_0013,45.0,2.0,59581,No,1,0,0,0,1,0,False,False,True
EMP_0014,25.0,1.0,99722,No,0,0,0,1,0,1,True,False,False
EMP_0015,25.0,1.0,56523,No,1,0,0,0,0,1,False,False,True
EMP_0016,25.0,3.0,106960,No,1,0,0,0,1,0,True,False,False
EMP_0017,30.0,2.0,59552,No,1,0,0,0,1,0,False,False,True
EMP_0018,35.0,7.0,50808,No,1,0,0,0,0,1,False,True,False
EMP_0019,30.0,5.0,112525,No,0,1,0,0,0,1,True,False,False
EMP_0020,25.0,3.0,63620,No,0,0,1,0,0,1,False,False,True
EMP_0021,35.0,2.0,40887,No,0,1,0,0,0,1,True,False,False
EMP_0022,25.0,1.0,71802,Yes,0,0,0,1,0,1,True,False,False
EMP_0023,25.0,5.0,66049,No,0,1,0,0,1,0,False,False,True
EMP_0024,30.0,7.0,117789,No,0,1,0,0,0,1,True,False,False
EMP_0025,30.0,5.0,47846,No,0,0,0,1,1,0,False,False,True
EMP_0026,45.0,3.0,86220,No,0,0,0,1,1,0,False,True,False
EMP_0027,25.0,1.0,86163,No,0,0,0,1,0,1,True,False,False
EMP_0028,35.0,3.0,43765,No,0,1,0,0,0,1,False,True,False
EMP_0029,35.0,7.0,85270,No,0,1,0,0,1,0,True,False,False
EMP_0030,22.0,2.0,115277,No,0,0,0,1,0,1,True,False,False
EMP_0031,35.0,3.0,62931,Yes,0,0,1,0,1,0,True,False,False
EMP_0032,25.0,5.0,95633,No,0,0,1,0,0,1,False,False,True
EMP_0033,22.0,5.0,91913,No,1,0,0,0,0,1,False,True,False
EMP_0034,50.0,7.0,65991,No,0,0,0,1,0,1,True,False,False
EMP_0035,33.69500438212095,10.0,94845,Yes,1,0,0,0,1,0,False,False,True
EMP_0036,45.0,5.0,95312,No,0,0,1,0,0,1,True,False,False
EMP_0037,30.0,1.0,50561,Yes,1,0,0,0,1,0,False,False,True
EMP_0038,22.0,2.0,56901,No,0,0,0,1,0,1,True,False,False
EMP_0039,40.0,15.0,102875,Yes,0,0,0,1,1,0,False,True,False
EMP_0040,30.0,2.0,65917,No,0,0,0,1,0,1,False,True,False
EMP_0041,25.0,3.0,102120,No,0,1,0,0,1,0,True,False,False
EMP_0042,30.0,3.0,41988,Yes,1,0,0,0,1,0,False,False,True
EMP_0043,22.0,3.0,54256,No,0,0,1,0,1,0,True,False,False
EMP_0044,50.0,5.0,68230,No,0,0,1,0,1,0,False,False,True
EMP_0045,25.0,15.0,99778,No,0,0,1,0,1,0,True,False,False
EMP_0046,40.0,2.0,85833,No,0,1,0,0,1,0,False,False,True
EMP_0047,30.0,1.0,62625,No,0,1,0,0,0,1,False,True,False
EMP_0048,35.0,2.0,72088,No,0,0,0,1,1,0,True,False,False
EMP_0049,35.0,10.0,119650,No,0,0,1,0,1,0,False,True,False
EMP_0050,25.0,5.0,81167,Yes,0,1,0,0,1,0,False,True,False
EMP_0051,33.69500438212095,2.0,111291,No,0,0,0,1,0,1,True,False,False
EMP_0052,45.0,10.0,105303,No,0,0,1,0,0,1,True,False,False
EMP_0053,50.0,10.0,116361,No,1,0,0,0,0,1,False,False,True
EMP_0054,50.0,10.0,44117,Yes,0,0,0,1,1,0,False,False,True
EMP_0055,35.0,15.0,100710,No,0,1,0,0,0,1,False,True,False
EMP_0056,50.0,2.0,107054,No,0,1,0,0,0,1,False,False,True
EMP_0057,22.0,7.0,70949,No,0,0,0,1,1,0,False,False,True
EMP_0058,25.0,3.0,62547,No,0,0,0,1,1,0,True,False,False
EMP_0059,22.0,10.0,108136,No,0,1,0,0,0,1,False,False,True
EMP_0060,30.0,7.0,104619,No,1,0,0,0,1,0,False,True,False
EMP_0061,30.0,7.0,101842,No,0,0,1,0,1,0,False,False,True
EMP_0062,25.0,5.0,66990,No,1,0,0,0,1,0,False,True,False
EMP_0063,45.0,2.0,56193,No,0,0,0,1,1,0,True,False,False
EMP_0064,30.0,3.0,70109,No,1,0,0,0,0,1,False,True,False
EMP_0065,25.0,3.0,59233,Yes,0,1,0,0,1,0,False,False,True
EMP_0066,35.0,15.0,74510,Yes,0,0,0,1,0,1,True,False,False
EMP_0067,25.0,1.0,41306,No,0,0,1,0,0,1,False,False,True
EMP_0068,45.0,2.0,43849,Yes,0,1,0,0,0,1,True,False,False
EMP_0069,22.0,1.0,52360,No,0,1,0,0,0,1,True,False,False
EMP_0070,33.69500438212095,7.0,85800,No,0,0,1,0,1,0,False,False,True
EMP_0071,45.0,10.0,76963,Yes,0,0,1,0,1,0,False,False,True
EMP_0072,25.0,2.0,94330,No,1,0,0,0,1,0,True,False,False
EMP_0073,22.0,3.0,91707,No,0,0,0,1,0,1,True,False,False
EMP_0074,45.0,10.0,58689,No,0,0,1,0,0,1,False,False,True
EMP_0075,40.0,7.0,69084,No,0,0,1,0,0,1,False,True,False
EMP_0076,40.0,3.0,80387,Yes,0,0,0,1,1,0,False,False,True
EMP_0077,45.0,5.0,114816,No,0,0,1,0,0,1,True,False,False
EMP_0078,22.0,3.0,42642,Yes,0,0,1,0,1,0,False,False,True
EMP_0079,30.0,2.0,82137,No,1,0,0,0,1,0,False,True,False
EMP_0080,25.0,5.0,119832,No,0,1,0,0,1,0,False,False,True
EMP_0081,50.0,5.0,95561,No,0,1,0,0,1,0,True,False,False
EMP_0082,35.0,10.0,102260,No,0,1,0,0,0,1,False,False,True
EMP_0083,30.0,5.0,55438,No,0,1,0,0,1,0,True,False,False
EMP_0084,22.0,7.0,88442,No,0,0,1,0,0,1,True,False,False
EMP_0085,30.0,2.0,42994,No,0,0,0,1,1,0,False,False,True
EMP_0086,30.0,3.0,41813,No,0,0,0,1,0,1,True,False,False
EMP_0087,40.0,1.0,95276,No,1,0,0,0,0,1,True,False,False
EMP_0088,35.0,2.0,81243,Yes,1,0,0,0,1,0,False,True,False
EMP_0089,50.0,7.0,102912,No,0,0,1,0,1,0,False,True,False
EMP_0090,30.0,3.0,100272,Yes,0,0,0,1,1,0,False,True,False
EMP_0091,25.0,1.0,82051,No,0,0,0,1,0,1,False,True,False
EMP_0092,40.0,3.0,118854,No,0,1,0,0,1,0,True,False,False
EMP_0093,45.0,10.0,105618,No,0,0,1,0,1,0,False,False,True
EMP_0094,35.0,2.0,41920,No,0,0,1,0,0,1,True,False,False
EMP_0095,45.0,5.0,117219,No,0,1,0,0,1,0,True,False,False
EMP_0096,30.0,7.0,116872,No,0,0,1,0,0,1,True,False,False
EMP_0097,35.0,5.0,42093,Yes,0,0,1,0,1,0,False,False,True
EMP_0098,30.0,2.0,52905,No,1,0,0,0,0,1,False,True,False
EMP_0099,22.0,3.0,64351,No,0,0,0,1,0,1,True,False,False
EMP_0100,25.0,7.0,70981,No,0,0,1,0,1,0,True,False,False
EMP_0101,22.0,5.0,113903,No,1,0,0,0,0,1,False,True,False
EMP_0102,35.0,1.0,110821,No,0,0,0,1,1,0,True,False,False
EMP_0103,30.0,7.0,118513,No,0,1,0,0,1,0,False,False,True
EMP_0104,35.0,1.0,59874,No,1,0,0,0,0,1,True,False,False
EMP_0105,50.0,7.0,90931,No,1,0,0,0,1,0,True,False,False
EMP_0106,25.0,2.0,47674,No,0,0,0,1,0,1,False,True,False
EMP_0107,30.0,3.0,90516,Yes,0,1,0,0,0,1,True,False,False
EMP_0108,45.0,3.0,100686,No,1,0,0,0,0,1,True,False,False
EMP_0109,25.0,2.0,109212,No,0,0,1,0,0,1,False,False,True
EMP_0110,22.0,1.0,42426,No,0,0,1,0,0,1,False,True,False
EMP_0111,25.0,2.0,108498,No,0,0,1,0,0,1,False,True,False
EMP_0112,25.0,10.0,69943,No,0,1,0,0,0,1,False,False,True
EMP_0113,50.0,3.0,106395,No,1,0,0,0,0,1,True,False,False
EMP_0114,45.0,3.0,84816,No,0,0,1,0,1,0,False,True,False
EMP_0115,35.0,3.0,44138,Yes,0,1,0,0,1,0,False,True,False
EMP_0116,50.0,7.0,115945,No,0,0,1,0,0,1,True,False,False
EMP_0117,45.0,10.0,44017,No,0,0,0,1,1,0,True,False,False
EMP_0118,25.0,5.0,50451,No,1,0,0,0,1,0,False,True,False
EMP_0119,50.0,3.0,102956,No,1,0,0,0,1,0,True,False,False
EMP_0120,35.0,3.0,50278,No,0,1,0,0,1,0,False,True,False
EMP_0121,45.0,5.0,83764,No,0,1,0,0,1,0,True,False,False
EMP_0122,50.0,1.0,41134,No,1,0,0,0,1,0,True,False,False
EMP_0123,30.0,5.0,102943,Yes,0,0,1,0,0,1,False,False,True
EMP_0124,25.0,3.0,94318,No,0,0,1,0,1,0,True,False,False
EMP_0125,25.0,7.0,100128,No,0,0,0,1,1,0,False,False,True
EMP_0126,30.0,1.0,61869,No,0,0,1,0,1,0,True,False,False
EMP_0127,45.0,5.0,45039,Yes,0,1,0,0,1,0,False,True,False
EMP_0128,50.0,3.0,61281,No,0,1,0,0,0,1,False,True,False
EMP_0129,22.0,5.0,50442,Yes,0,0,1,0,0,1,True,False,False
EMP_0130,35.0,1.0,113788,No,0,1,0,0,0,1,True,False,False
EMP_0131,30.0,5.0,67586,No,1,0,0,0,0,1,False,True,False
EMP_0132,25.0,5.0,93053,No,1,0,0,0,1,0,True,False,False
EMP_0133,25.0,5.0,90489,No,0,0,1,0,0,1,False,False,True
EMP_0134,30.0,5.0,107087,No,1,0,0,0,0,1,False,False,True
EMP_0135,50.0,5.0,52625,No,1,0,0,0,0,1,False,False,True
EMP_0136,30.0,10.0,74397,No,0,0,0,1,0,1,False,False,True
EMP_0137,35.0,2.0,98671,No,0,0,0,1,1,0,False,False,True
EMP_0138,40.0,10.0,106897,No,1,0,0,0,0,1,True,False,False
EMP_0139,30.0,3.0,66149,No,0,0,1,0,1,0,True,False,False
EMP_0140,33.69500438212095,1.0,100030,No,0,0,0,1,0,1,False,False,True
EMP_0141,33.69500438212095,1.0,109906,Yes,0,1,0,0,1,0,True,False,False
EMP_0142,25.0,2.0,45283,No,0,1,0,0,1,0,True,False,False
EMP_0143,30.0,7.0,47610,No,0,1,0,0,0,1,False,False,True
EMP_0144,30.0,7.0,83326,No,0,0,1,0,0,1,True,False,False
EMP_0145,25.0,7.0,54924,No,1,0,0,0,0,1,True,False,False
EMP_0146,22.0,3.0,116162,No,0,1,0,0,0,1,True,False,False
EMP_0147,35.0,3.0,40869,No,0,0,1,0,1,0,False,False,True
EMP_0148,35.0,1.0,41014,Yes,0,0,0,1,1,0,True,False,False
EMP_0149,22.0,2.0,50103,No,1,0,0,0,0,1,False,True,False
EMP_0150,25.0,3.0,73458,No,0,0,0,1,0,1,False,True,False
EMP_0151,50.0,1.0,63248,No,0,0,1,0,1,0,False,False,True
EMP_0152,25.0,2.0,83516,No,0,1,0,0,0,1,False,True,False
EMP_0153,25.0,5.0,69061,No,0,1,0,0,1,0,False,False,True
EMP_0154,30.0,7.0,64170,No,0,0,1,0,0,1,False,True,False
EMP_0155,33.69500438212095,3.0,48024,Yes,0,1,0,0,1,0,False,True,False
EMP_0156,25.0,15.0,83803,Yes,1,0,0,0,1,0,False,True,False
EMP_0157,40.0,5.0,59296,No,0,0,1,0,1,0,False,False,True
EMP_0158,45.0,3.0,58257,No,0,0,0,1,1,0,False,False,True
EMP_0159,25.0,5.0,52855,No,0,0,1,0,1,0,True,False,False
EMP_0160,40.0,7.0,60025,No,1,0,0,0,0,1,False,False,True
EMP_0161,30.0,1.0,44458,Yes,1,0,0,0,1,0,False,True,False
EMP_0162,35.0,3.0,103610,No,0,0,1,0,0,1,False,True,False
EMP_0163,35.0,10.0,110843,No,0,0,1,0,1,0,False,False,True
EMP_0164,35.0,3.0,89831,Yes,0,1,0,0,1,0,False,False,True
EMP_0165,22.0,5.0,83427,No,1,0,0,0,0,1,False,False,True
EMP_0166,45.0,5.0,78506,No,0,0,1,0,0,1,True,False,False
EMP_0167,30.0,2.0,45668,No,0,0,1,0,0,1,False,True,False
EMP_0168,25.0,3.0,87195,No,1,0,0,0,0,1,True,False,False
EMP_0169,22.0,2.0,113233,No,0,0,1,0,1,0,True,False,False
EMP_0170,35.0,1.0,64417,No,0,1,0,0,0,1,False,True,False
EMP_0171,40.0,1.0,50751,No,1,0,0,0,1,0,False,True,False
EMP_0172,22.0,10.0,86218,No,0,1,0,0,0,1,False,False,True
EMP_0173,35.0,2.0,47352,No,0,1,0,0,0,1,False,False,True
EMP_0174,25.0,3.0,119052,No,0,1,0,0,1,0,True,False,False
EMP_0175,35.0,2.0,68927,No,0,1,0,0,1,0,False,False,True
EMP_0176,25.0,15.0,81094,No,1,0,0,0,0,1,False,False,True
EMP_0177,40.0,2.0,94122,No,0,1,0,0,1,0,False,True,False
EMP_0178,30.0,3.0,69493,No,0,1,0,0,1,0,False,True,False
EMP_0179,50.0,10.0,113539,No,0,0,1,0,1,0,False,False,True
EMP_0180,25.0,10.0,71707,No,1,0,0,0,1,0,False,True,False
EMP_0181,30.0,2.0,108814,No,1,0,0,0,1,0,False,False,True
EMP_0182,25.0,10.0,47296,No,0,0,0,1,1,0,False,True,False
EMP_0183,50.0,3.0,65398,No,1,0,0,0,1,0,False,True,False
EMP_0184,50.0,3.0,75842,No,1,0,0,0,1,0,False,True,False
EMP_0185,25.0,1.0,53261,No,0,0,0,1,0,1,False,True,False
EMP_0186,40.0,1.0,116709,No,1,0,0,0,1,0,False,False,True
EMP_0187,45.0,7.0,96704,No,1,0,0,0,0,1,True,False,False
EMP_0188,35.0,3.0,107173,Yes,1,0,0,0,1,0,False,True,False
EMP_0189,35.0,3.0,71781,No,1,0,0,0,1,0,False,False,True
EMP_0190,25.0,7.0,53652,No,0,0,0,1,1,0,False,False,True
EMP_0191,22.0,7.0,45103,No,1,0,0,0,1,0,False,True,False
EMP_0192,50.0,2.0,65500,Yes,1,0,0,0,0,1,True,False,False
EMP_0193,50.0,5.0,75529,Yes,0,0,0,1,0,1,False,True,False
EMP_0194,35.0,1.0,58452,No,0,0,1,0,1,0,False,False,True
EMP_0195,30.0,7.0,89393,No,0,1,0,0,0,1,True,False,False
EMP_0196,30.0,5.0,71174,No,0,0,1,0,1,0,False,False,True
EMP_0197,40.0,3.0,104450,No,0,0,0,1,1,0,False,True,False
EMP_0198,50.0,1.0,75436,No,0,1,0,0,0,1,True,False,False
EMP_0199,50.0,1.0,87406,No,0,0,0,1,0,1,False,False,True
EMP_0200,45.0,2.0,103059,No,0,0,0,1,1,0,False,False,True
EMP_0201,35.0,2.0,55954,No,1,0,0,0,1,0,False,False,True
EMP_0202,22.0,2.0,52356,No,0,1,0,0,0,1,False,True,False
EMP_0203,25.0,15.0,42187,Yes,1,0,0,0,1,0,True,False,False
EMP_0204,50.0,2.0,117243,Yes,0,1,0,0,0,1,False,True,False
EMP_0205,35.0,2.0,75098,No,0,0,0,1,1,0,False,True,False
EMP_0206,22.0,7.0,61225,No,0,0,0,1,1,0,False,True,False
EMP_0207,25.0,3.0,43606,No,0,0,1,0,0,1,True,False,False
EMP_0208,40.0,7.0,97620,No,0,1,0,0,0,1,False,True,False
EMP_0209,22.0,1.0,72828,No,1,0,0,0,0,1,False,True,False
EMP_0210,25.0,3.0,66489,No,0,0,1,0,1,0,False,True,False
EMP_0211,35.0,1.0,54387,No,0,0,1,0,1,0,False,True,False
EMP_0212,40.0,1.0,109463,No,0,0,1,0,1,0,False,False,True
EMP_0213,40.0,15.0,111832,No,1,0,0,0,1,0,False,True,False
EMP_0214,25.0,1.0,42591,No,0,0,1,0,0,1,False,False,True
EMP_0215,40.0,3.0,88516,No,1,0,0,0,1,0,False,True,False
EMP_0216,25.0,3.0,102061,No,0,0,1,0,1,0,True,False,False
EMP_0217,30.0,2.0,106736,No,1,0,0,0,1,0,False,False,True
EMP_0218,40.0,10.0,101753,No,0,0,0,1,0,1,False,False,True
EMP_0219,35.0,1.0,51087,No,0,0,0,1,1,0,False,False,True
EMP_0220,45.0,5.0,70816,No,0,0,0,1,1,0,False,False,True
EMP_0221,40.0,3.0,63408,No,0,0,0,1,0,1,True,False,False
EMP_0222,35.0,5.0,40136,Yes,0,0,0,1,1,0,False,True,False
EMP_0223,22.0,15.0,57413,No,0,0,1,0,1,0,False,False,True
EMP_0224,30.0,1.0,99500,No,0,0,1,0,0,1,True,False,False
EMP_0225,25.0,3.0,96358,Yes,0,0,1,0,1,0,False,False,True
EMP_0226,25.0,2.0,106197,Yes,1,0,0,0,1,0,False,True,False
EMP_0227,33.69500438212095,7.0,72854,Yes,1,0,0,0,1,0,False,False,True
EMP_0228,30.0,3.0,116240,No,1,0,0,0,0,1,True,False,False
EMP_0229,50.0,2.0,56322,No,1,0,0,0,1,0,False,True,False
EMP_0230,35.0,5.0,46968,No,0,0,0,1,1,0,True,False,False
EMP_0231,45.0,2.0,67518,No,0,0,0,1,0,1,False,True,False
EMP_0232,35.0,5.0,91925,No,0,0,0,1,0,1,False,True,False
EMP_0233,35.0,3.0,99848,No,0,1,0,0,1,0,False,True,False
EMP_0234,30.0,3.0,41700,No,0,0,1,0,1,0,False,False,True
EMP_0235,25.0,5.0,63199,No,1,0,0,0,1,0,True,False,False
EMP_0236,40.0,2.0,84589,Yes,1,0,0,0,1,0,True,False,False
EMP_0237,25.0,1.0,72115,No,0,0,0,1,0,1,True,False,False
EMP_0238,22.0,2.0,101934,No,1,0,0,0,1,0,False,True,False
EMP_0239,35.0,2.0,94316,No,1,0,0,0,0,1,False,False,True
EMP_0240,25.0,2.0,45520,No,0,0,1,0,0,1,False,True,False
EMP_0241,50.0,10.0,76455,No,0,0,0,1,1,0,True,False,False
EMP_0242,33.69500438212095,5.0,81605,No,0,0,1,0,1,0,False,False,True
EMP_0243,50.0,3.0,54955,No,0,1,0,0,0,1,False,False,True
EMP_0244,30.0,1.0,84049,Yes,0,1,0,0,0,1,False,False,True
EMP_0245,22.0,10.0,53917,No,0,1,0,0,1,0,True,False,False
EMP_0246,50.0,7.0,110293,No,0,0,0,1,0,1,False,False,True
EMP_0247,30.0,1.0,118581,No,1,0,0,0,1,0,False,False,True
EMP_0248,33.69500438212095,7.0,104925,No,0,0,0,1,1,0,False,True,False
EMP_0249,33.69500438212095,3.0,110269,No,0,0,0,1,0,1,False,True,False
EMP_0250,50.0,1.0,70954,No,1,0,0,0,0,1,False,False,True
EMP_0251,25.0,3.0,112617,No,0,0,1,0,1,0,False,False,True
EMP_0252,30.0,3.0,81458,No,0,1,0,0,0,1,False,True,False
EMP_0253,50.0,2.0,61113,No,0,0,1,0,1,0,False,True,False
EMP_0254,30.0,15.0,83939,No,0,1,0,0,1,0,False,True,False
EMP_0255,25.0,10.0,69345,No,0,0,0,1,1,0,True,False,False
EMP_0256,35.0,5.0,86313,No,0,1,0,0,0,1,True,False,False
EMP_0257,50.0,3.0,109166,No,0,0,0,1,1,0,False,True,False
EMP_0258,40.0,3.0,87861,No,0,0,1,0,1,0,False,False,True
EMP_0259,35.0,5.0,89298,Yes,0,0,0,1,1,0,False,True,False
EMP_0260,22.0,3.0,87221,No,0,0,1,0,1,0,True,False,False
EMP_0261,35.0,1.0,84942,Yes,1,0,0,0,1,0,False,False,True
EMP_0262,33.69500438212095,3.0,43453,Yes,1,0,0,0,1,0,True,False,False
EMP_0263,25.0,10.0,94935,No,1,0,0,0,1,0,False,False,True
EMP_0264,35.0,3.0,83370,No,0,0,0,1,1,0,True,False,False
EMP_0265,50.0,1.0,48328,Yes,1,0,0,0,1,0,False,False,True
EMP_0266,40.0,7.0,55534,No,0,1,0,0,1,0,False,False,True
EMP_0267,40.0,2.0,76320,No,0,0,1,0,1,0,False,False,True
EMP_0268,40.0,2.0,89170,No,0,0,1,0,0,1,False,False,True
EMP_0269,30.0,2.0,48640,Yes,0,1,0,0,1,0,True,False,False
EMP_0270,25.0,2.0,70049,No,0,0,0,1,1,0,True,False,False
EMP_0271,45.0,7.0,45618,No,0,0,0,1,1,0,False,False,True
EMP_0272,45.0,3.0,96053,No,0,0,1,0,0,1,False,False,True
EMP_0273,50.0,2.0,41920,No,1,0,0,0,1,0,True,False,False
EMP_0274,50.0,10.0,83937,No,0,0,0,1,0,1,False,False,True
EMP_0275,35.0,10.0,109724,No,0,0,0,1,1,0,False,False,True
EMP_0276,35.0,10.0,52207,No,0,1,0,0,1,0,False,False,True
EMP_0277,45.0,2.0,105774,No,0,1,0,0,0,1,False,True,False
EMP_0278,35.0,3.0,72972,No,1,0,0,0,1,0,False,False,True
EMP_0279,40.0,3.0,50799,No,0,0,0,1,0,1,False,True,False
EMP_0280,45.0,7.0,111088,Yes,0,0,0,1,0,1,False,False,True
EMP_0281,50.0,1.0,68916,No,0,1,0,0,1,0,True,False,False
EMP_0282,30.0,1.0,110463,No,0,0,0,1,1,0,False,True,False
EMP_0283,30.0,3.0,116700,No,0,0,1,0,1,0,False,True,False
EMP_0284,22.0,15.0,77158,No,0,1,0,0,1,0,False,False,True
EMP_0285,35.0,3.0,111696,No,1,0,0,0,0,1,False,False,True
EMP_0286,22.0,3.0,101510,No,0,1,0,0,0,1,False,True,False
EMP_0287,30.0,1.0,98692,Yes,0,0,0,1,1,0,True,False,False
EMP_0288,35.0,5.0,101744,No,1,0,0,0,0,1,True,False,False
EMP_0289,25.0,10.0,55810,No,0,1,0,0,0,1,False,False,True
EMP_0290,35.0,3.0,45126,No,0,0,1,0,1,0,True,False,False
EMP_0291,22.0,7.0,70009,No,0,0,1,0,0,1,True,False,False
EMP_0292,22.0,3.0,40192,No,0,1,0,0,0,1,False,False,True
EMP_0293,45.0,2.0,76413,No,0,0,1,0,1,0,True,False,False
EMP_0294,30.0,3.0,52816,Yes,0,0,1,0,0,1,False,False,True
EMP_0295,25.0,2.0,79082,No,0,0,1,0,1,0,False,True,False
EMP_0296,35.0,7.0,105048,Yes,1,0,0,0,0,1,False,False,True
EMP_0297,45.0,5.0,90940,No,0,0,1,0,1,0,False,True,False
EMP_0298,25.0,5.0,72130,No,0,0,1,0,0,1,False,True,False
EMP_0299,35.0,7.0,80142,No,0,0,1,0,0,1,True,False,False
EMP_0300,22.0,3.0,76468,No,1,0,0,0,1,0,True,False,False
EMP_0301,22.0,15.0,70698,No,0,1,0,0,1,0,True,False,False
EMP_0302,35.0,3.0,50655,No,0,0,0,1,1,0,False,False,True
EMP_0303,35.0,2.0,87897,Yes,0,0,1,0,1,0,True,False,False
EMP_0304,35.0,5.0,70075,No,0,1,0,0,0,1,False,True,False
EMP_0305,40.0,7.0,49359,Yes,0,0,1,0,0,1,True,False,False
EMP_0306,33.69500438212095,2.0,82056,No,1,0,0,0,0,1,True,False,False
EMP_0307,35.0,10.0,91831,No,0,1,0,0,1,0,False,False,True
EMP_0308,30.0,15.0,99191,No,1,0,0,0,0,1,False,False,True
EMP_0309,45.0,2.0,73272,No,0,0,1,0,0,1,False,True,False
EMP_0310,25.0,3.0,54671,No,0,0,1,0,1,0,False,False,True
EMP_0311,30.0,1.0,67048,No,1,0,0,0,1,0,True,False,False
EMP_0312,22.0,2.0,116274,No,0,0,0,1,0,1,False,False,True
EMP_0313,22.0,2.0,65963,No,1,0,0,0,1,0,False,True,False
EMP_0314,33.69500438212095,10.0,83954,No,0,0,1,0,0,1,True,False,False
EMP_0315,45.0,5.0,112309,No,1,0,0,0,0,1,False,True,False
EMP_0316,40.0,2.0,40717,No,0,0,0,1,1,0,False,False,True
EMP_0317,30.0,3.0,51676,No,1,0,0,0,0,1,False,False,True
EMP_0318,25.0,5.0,44434,No,0,0,0,1,1,0,False,True,False
EMP_0319,25.0,1.0,89810,Yes,0,0,0,1,1,0,True,False,False
EMP_0320,25.0,10.0,44994,Yes,1,0,0,0,0,1,False,False,True
EMP_0321,35.0,10.0,44234,No,1,0,0,0,0,1,False,False,True
EMP_0322,40.0,3.0,109300,No,0,1,0,0,0,1,True,False,False
EMP_0323,40.0,3.0,83949,Yes,0,0,1,0,1,0,False,False,True
EMP_0324,25.0,3.0,77405,No,0,0,0,1,0,1,False,True,False
EMP_0325,33.69500438212095,3.0,74872,No,0,1,0,0,1,0,False,False,True
EMP_0326,40.0,5.0,82215,No,1,0,0,0,1,0,False,False,True
EMP_0327,35.0,5.0,63185,No,0,0,1,0,0,1,True,False,False
EMP_0328,35.0,2.0,83442,No,0,1,0,0,1,0,False,True,False
EMP_0329,30.0,10.0,91759,No,0,0,0,1,0,1,True,False,False
EMP_0330,25.0,3.0,81153,No,0,1,0,0,0,1,False,False,True
EMP_0331,30.0,2.0,117535,No,0,0,0,1,0,1,False,False,True
EMP_0332,45.0,1.0,42581,Yes,1,0,0,0,0,1,True,False,False
EMP_0333,22.0,5.0,91717,No,0,0,1,0,0,1,True,False,False
EMP_0334,25.0,3.0,42763,No,0,0,1,0,0,1,True,False,False
EMP_0335,22.0,7.0,95480,No,0,0,1,0,0,1,False,True,False
EMP_0336,22.0,10.0,78759,No,1,0,0,0,1,0,False,False,True
EMP_0337,50.0,1.0,116067,No,0,0,0,1,0,1,True,False,False
EMP_0338,40.0,7.0,65307,Yes,1,0,0,0,1,0,False,False,True
EMP_0339,30.0,2.0,51064,No,0,0,1,0,1,0,False,True,False
EMP_0340,22.0,10.0,116848,No,1,0,0,0,1,0,False,True,False
EMP_0341,30.0,10.0,77548,No,1,0,0,0,0,1,False,True,False
EMP_0342,30.0,3.0,76945,No,1,0,0,0,1,0,False,True,False
EMP_0343,25.0,7.0,87937,No,0,0,0,1,1,0,False,False,True
EMP_0344,30.0,2.0,46476,Yes,0,1,0,0,0,1,False,True,False
EMP_0345,30.0,3.0,91756,No,0,1,0,0,0,1,False,True,False
EMP_0346,35.0,10.0,42382,No,1,0,0,0,1,0,True,False,False
EMP_0347,35.0,3.0,89683,No,0,1,0,0,0,1,False,True,False
EMP_0348,22.0,3.0,85276,No,0,1,0,0,0,1,True,False,False
EMP_0349,30.0,3.0,73402,No,1,0,0,0,0,1,False,True,False
EMP_0350,35.0,10.0,66946,Yes,1,0,0,0,0,1,False,True,False
EMP_0351,35.0,2.0,119698,No,0,0,1,0,1,0,True,False,False
EMP_0352,50.0,2.0,113933,No,0,1,0,0,0,1,False,True,False
EMP_0353,40.0,7.0,62335,No,0,0,0,1,0,1,False,False,True
EMP_0354,25.0,10.0,85095,No,1,0,0,0,0,1,False,False,True
EMP_0355,22.0,1.0,119930,Yes,0,0,1,0,1,0,False,True,False
EMP_0356,35.0,2.0,67197,No,0,0,0,1,1,0,False,False,True
EMP_0357,22.0,1.0,62010,Yes,0,1,0,0,0,1,True,False,False
EMP_0358,35.0,2.0,64123,Yes,0,0,1,0,0,1,False,True,False
EMP_0359,50.0,3.0,42890,Yes,1,0,0,0,1,0,False,True,False
EMP_0360,35.0,7.0,48026,Yes,0,0,0,1,0,1,True,False,False
EMP_0361,30.0,5.0,104925,No,1,0,0,0,0,1,True,False,False
EMP_0362,35.0,5.0,108842,No,0,1,0,0,1,0,True,False,False
EMP_0363,30.0,3.0,73665,No,0,0,0,1,0,1,False,True,False
EMP_0364,35.0,10.0,49277,No,0,1,0,0,0,1,True,False,False
EMP_0365,50.0,3.0,82239,No,0,1,0,0,1,0,True,False,False
EMP_0366,30.0,3.0,87664,Yes,0,0,1,0,1,0,False,False,True
EMP_0367,33.69500438212095,5.0,88008,Yes,1,0,0,0,0,1,False,False,True
EMP_0368,50.0,1.0,54683,No,0,0,0,1,1,0,False,True,False
EMP_0369,25.0,5.0,40670,No,0,1,0,0,0,1,False,False,True
EMP_0370,22.0,2.0,57889,No,0,1,0,0,0,1,False,False,True
EMP_0371,25.0,5.0,95612,No,0,0,0,1,0,1,True,False,False
EMP_0372,22.0,1.0,84535,No,0,1,0,0,1,0,True,False,False
EMP_0373,22.0,2.0,118542,No,0,0,1,0,1,0,False,False,True
EMP_0374,40.0,10.0,94319,No,0,0,1,0,0,1,False,False,True
EMP_0375,22.0,2.0,61639,No,0,0,1,0,0,1,False,False,True
EMP_0376,30.0,10.0,104712,No,0,0,1,0,1,0,False,True,False
EMP_0377,45.0,2.0,56633,No,0,1,0,0,1,0,False,True,False
EMP_0378,22.0,5.0,74660,No,0,0,0,1,1,0,False,True,False
EMP_0379,45.0,5.0,108975,No,0,0,0,1,0,1,False,False,True
EMP_0380,25.0,3.0,72172,Yes,0,0,0,1,1,0,False,False,True
EMP_0381,25.0,2.0,99197,No,0,0,0,1,1,0,False,True,False
EMP_0382,40.0,2.0,98847,Yes,1,0,0,0,0,1,False,True,False
EMP_0383,35.0,1.0,51577,No,0,0,0,1,0,1,False,False,True
EMP_0384,50.0,2.0,117299,No,1,0,0,0,0,1,True,False,False
EMP_0385,40.0,5.0,60176,No,1,0,0,0,1,0,False,True,False
EMP_0386,45.0,15.0,84386,No,0,0,1,0,0,1,False,False,True
EMP_0387,25.0,10.0,103972,No,1,0,0,0,0,1,False,False,True
EMP_0388,25.0,7.0,81003,No,0,1,0,0,0,1,True,False,False
EMP_0389,45.0,7.0,59996,No,1,0,0,0,0,1,False,False,True
EMP_0390,45.0,5.0,75931,No,0,0,1,0,1,0,False,False,True
EMP_0391,33.69500438212095,2.0,75710,Yes,1,0,0,0,0,1,False,True,False
EMP_0392,30.0,15.0,74693,No,0,1,0,0,1,0,False,True,False
EMP_0393,30.0,5.0,75740,No,0,1,0,0,1,0,True,False,False
EMP_0394,45.0,5.0,117241,No,0,1,0,0,1,0,True,False,False
EMP_0395,30.0,1.0,116502,No,0,0,1,0,0,1,False,False,True
EMP_0396,50.0,3.0,57374,No,0,0,1,0,1,0,False,True,False
EMP_0397,50.0,3.0,116674,No,0,0,0,1,0,1,True,False,False
EMP_0398,30.0,10.0,85913,No,0,0,1,0,0,1,True,False,False
EMP_0399,45.0,3.0,106025,Yes,0,1,0,0,0,1,True,False,False
EMP_0400,45.0,3.0,84516,No,0,1,0,0,1,0,False,False,True
EMP_0401,25.0,3.0,66069,No,0,0,1,0,0,1,False,True,False
EMP_0402,50.0,1.0,96233,No,1,0,0,0,0,1,True,False,False
EMP_0403,35.0,3.0,99049,No,0,0,1,0,0,1,False,True,False
EMP_0404,45.0,1.0,79178,Yes,0,0,1,0,1,0,True,False,False
EMP_0405,30.0,7.0,72821,Yes,0,1,0,0,1,0,True,False,False
EMP_0406,50.0,15.0,91727,No,0,0,0,1,1,0,False,True,False
EMP_0407,30.0,2.0,100935,No,0,1,0,0,0,1,False,True,False
EMP_0408,22.0,10.0,56999,No,0,0,0,1,1,0,False,True,False
EMP_0409,50.0,2.0,102522,Yes,0,1,0,0,0,1,False,False,True
EMP_0410,22.0,15.0,78712,No,0,0,1,0,0,1,True,False,False
EMP_0411,30.0,7.0,104551,Yes,0,1,0,0,1,0,False,False,True
EMP_0412,33.69500438212095,10.0,80172,No,0,1,0,0,0,1,False,True,False
EMP_0413,33.69500438212095,1.0,73722,No,0,1,0,0,1,0,True,False,False
EMP_0414,35.0,3.0,50625,No,0,0,1,0,0,1,False,False,True
EMP_0415,35.0,7.0,107165,Yes,0,0,1,0,1,0,True,False,False
EMP_0416,30.0,2.0,116509,No,0,0,1,0,0,1,False,False,True
EMP_0417,25.0,10.0,46859,No,0,0,1,0,0,1,False,True,False
EMP_0418,30.0,2.0,81609,No,0,0,0,1,0,1,False,False,True
EMP_0419,40.0,10.0,83307,No,0,0,0,1,0,1,True,False,False
EMP_0420,45.0,1.0,61839,Yes,1,0,0,0,0,1,True,False,False
EMP_0421,45.0,7.0,67216,No,0,0,1,0,1,0,True,False,False
EMP_0422,45.0,3.0,92953,No,0,0,0,1,0,1,True,False,False
EMP_0423,22.0,1.0,100593,Yes,0,1,0,0,1,0,False,True,False
EMP_0424,30.0,2.0,112075,No,0,0,1,0,1,0,False,False,True
EMP_0425,22.0,1.0,89522,Yes,1,0,0,0,1,0,False,True,False
EMP_0426,35.0,3.0,44886,No,1,0,0,0,0,1,False,True,False
EMP_0427,30.0,2.0,47485,Yes,1,0,0,0,0,1,False,True,False
EMP_0428,50.0,5.0,71455,No,0,1,0,0,0,1,True,False,False
EMP_0429,30.0,2.0,56767,No,0,0,0,1,1,0,True,False,False
EMP_0430,25.0,2.0,68453,No,0,1,0,0,0,1,True,False,False
EMP_0431,25.0,7.0,116280,No,0,0,1,0,0,1,False,False,True
EMP_0432,45.0,1.0,93442,No,1,0,0,0,1,0,True,False,False
EMP_0433,35.0,15.0,91877,Yes,0,1,0,0,1,0,False,False,True
EMP_0434,25.0,10.0,52226,Yes,0,1,0,0,1,0,True,False,False
EMP_0435,22.0,5.0,62588,Yes,0,0,0,1,1,0,True,False,False
EMP_0436,40.0,5.0,118976,Yes,0,0,0,1,1,0,False,True,False
EMP_0437,22.0,10.0,71709,No,1,0,0,0,1,0,False,True,False
EMP_0438,45.0,2.0,87788,No,0,1,0,0,0,1,False,True,False
EMP_0439,40.0,1.0,77019,No,0,1,0,0,1,0,False,False,True
EMP_0440,22.0,2.0,84948,No,0,0,0,1,0,1,False,False,True
EMP_0441,22.0,7.0,105133,No,0,1,0,0,0,1,True,False,False
EMP_0442,33.69500438212095,1.0,106458,No,0,1,0,0,0,1,False,False,True
EMP_0443,30.0,5.0,67526,Yes,0,1,0,0,1,0,True,False,False
EMP_0444,30.0,3.0,113493,No,0,0,0,1,0,1,False,False,True
EMP_0445,45.0,10.0,92198,No,1,0,0,0,1,0,False,False,True
EMP_0446,50.0,3.0,83395,No,0,0,1,0,1,0,False,False,True
EMP_0447,33.69500438212095,1.0,64031,No,1,0,0,0,0,1,False,True,False
EMP_0448,45.0,10.0,115542,No,0,0,1,0,1,0,False,False,True
EMP_0449,30.0,5.0,77701,No,0,1,0,0,0,1,False,True,False
EMP_0450,22.0,1.0,65939,No,1,0,0,0,0,1,False,True,False
EMP_0451,45.0,1.0,89145,No,0,0,1,0,1,0,False,False,True
EMP_0452,35.0,15.0,60324,Yes,0,0,0,1,0,1,True,False,False
EMP_0453,30.0,5.0,62867,No,0,0,0,1,0,1,True,False,False
EMP_0454,50.0,10.0,40203,No,1,0,0,0,0,1,True,False,False
EMP_0455,25.0,10.0,56544,No,1,0,0,0,1,0,False,False,True
EMP_0456,30.0,5.0,55899,No,0,1,0,0,0,1,True,False,False
EMP_0457,22.0,3.0,69063,No,1,0,0,0,1,0,False,True,False
EMP_0458,30.0,3.0,43748,No,0,1,0,0,1,0,True,False,False
EMP_0459,22.0,2.0,106629,No,0,1,0,0,0,1,False,False,True
EMP_0460,25.0,3.0,60884,No,0,0,0,1,0,1,True,False,False
EMP_0461,25.0,7.0,65183,No,0,0,0,1,1,0,False,True,False
EMP_0462,35.0,5.0,111246,Yes,0,0,1,0,1,0,False,False,True
EMP_0463,40.0,10.0,59259,No,0,0,0,1,0,1,True,False,False
EMP_0464,35.0,3.0,75959,Yes,0,0,0,1,0,1,False,False,True
EMP_0465,33.69500438212095,5.0,73457,No,1,0,0,0,1,0,False,False,True
EMP_0466,30.0,5.0,42103,Yes,0,0,0,1,1,0,False,False,True
EMP_0467,25.0,5.0,105901,No,0,0,1,0,1,0,True,False,False
EMP_0468,50.0,7.0,84535,No,1,0,0,0,1,0,False,False,True
EMP_0469,25.0,2.0,56103,No,0,0,1,0,1,0,True,False,False
EMP_0470,33.69500438212095,3.0,118278,No,0,0,0,1,0,1,False,True,False
EMP_0471,22.0,1.0,52391,No,0,0,1,0,1,0,True,False,False
EMP_0472,33.69500438212095,3.0,68901,No,1,0,0,0,1,0,False,True,False
EMP_0473,22.0,3.0,107914,No,0,1,0,0,0,1,True,False,False
EMP_0474,50.0,5.0,90357,No,0,0,1,0,0,1,False,False,True
EMP_0475,35.0,3.0,78437,No,0,0,1,0,1,0,True,False,False
EMP_0476,33.69500438212095,5.0,75503,No,1,0,0,0,1,0,False,False,True
EMP_0477,22.0,7.0,115403,Yes,1,0,0,0,0,1,False,True,False
EMP_0478,35.0,3.0,81258,No,0,0,1,0,1,0,True,False,False
EMP_0479,33.69500438212095,5.0,73724,No,0,0,0,1,1,0,False,False,True
EMP_0480,35.0,1.0,104286,No,0,0,1,0,0,1,False,True,False
EMP_0481,35.0,2.0,114842,No,1,0,0,0,1,0,False,True,False
EMP_0482,40.0,3.0,54908,No,0,1,0,0,0,1,True,False,False
EMP_0483,30.0,3.0,90626,No,0,1,0,0,0,1,False,True,False
EMP_0484,35.0,1.0,77228,No,0,0,0,1,0,1,False,False,True
EMP_0485,35.0,1.0,63386,No,0,0,1,0,0,1,False,True,False
EMP_0486,50.0,2.0,86754,Yes,0,1,0,0,1,0,False,True,False
EMP_0487,22.0,3.0,68302,No,0,0,1,0,0,1,False,False,True
EMP_0488,25.0,2.0,100815,No,1,0,0,0,1,0,False,True,False
EMP_0489,33.69500438212095,3.0,103344,No,0,1,0,0,1,0,False,True,False
EMP_0490,50.0,2.0,75618,No,0,0,0,1,1,0,False,True,False
EMP_0491,30.0,5.0,116234,No,1,0,0,0,1,0,False,True,False
EMP_0492,35.0,2.0,101114,No,0,0,0,1,1,0,False,False,True
EMP_0493,25.0,2.0,110130,No,1,0,0,0,0,1,False,True,False
EMP_0494,25.0,3.0,65525,Yes,0,1,0,0,0,1,False,False,True
EMP_0495,30.0,1.0,119818,No,0,0,0,1,0,1,False,True,False
EMP_0496,30.0,1.0,54334,No,0,0,0,1,0,1,False,True,False
EMP_0497,35.0,2.0,102767,No,1,0,0,0,1,0,False,True,False
EMP_0498,22.0,1.0,46644,Yes,0,0,0,1,0,1,False,True,False
EMP_0499,33.69500438212095,1.0,72933,No,1,0,0,0,1,0,False,False,True
EMP_0500,33.69500438212095,2.0,83469,Yes,1,0,0,0,1,0,False,False,True
EMP_0501,40.0,10.0,73687,No,1,0,0,0,0,1,False,False,True
EMP_0502,35.0,5.0,92656,Yes,1,0,0,0,0,1,True,False,False
EMP_0503,30.0,3.0,57375,No,0,1,0,0,0,1,False,True,False
EMP_0504,45.0,2.0,105206,No,1,0,0,0,0,1,False,True,False
EMP_0505,40.0,15.0,76607,No,0,0,1,0,1,0,False,False,True
EMP_0506,25.0,3.0,63993,No,0,0,0,1,1,0,True,False,False
EMP_0507,50.0,1.0,84386,Yes,0,0,1,0,0,1,False,True,False
EMP_0508,45.0,5.0,86287,No,0,1,0,0,1,0,False,False,True
EMP_0509,50.0,1.0,116312,No,0,0,1,0,1,0,False,True,False
EMP_0510,40.0,2.0,115324,No,0,0,0,1,1,0,False,True,False
EMP_0511,35.0,3.0,111196,Yes,0,0,1,0,0,1,False,False,True
EMP_0512,30.0,10.0,110014,No,0,1,0,0,1,0,False,False,True
EMP_0513,50.0,3.0,48210,No,1,0,0,0,0,1,False,True,False
EMP_0514,50.0,7.0,50922,No,0,0,1,0,0,1,False,True,False
EMP_0515,22.0,3.0,76289,Yes,0,1,0,0,1,0,False,False,True
EMP_0516,22.0,1.0,73340,Yes,0,1,0,0,1,0,False,True,False
EMP_0517,30.0,2.0,79850,No,0,0,0,1,0,1,False,True,False
EMP_0518,45.0,3.0,96984,No,0,0,0,1,1,0,False,False,True
EMP_0519,33.69500438212095,3.0,51094,No,0,0,1,0,1,0,False,True,False
EMP_0520,25.0,3.0,73418,No,1,0,0,0,0,1,False,True,False
EMP_0521,35.0,15.0,45741,No,0,1,0,0,0,1,True,False,False
EMP_0522,30.0,7.0,112374,No,0,0,1,0,0,1,False,False,True
EMP_0523,33.69500438212095,5.0,108798,No,0,1,0,0,0,1,True,False,False
EMP_0524,45.0,2.0,110532,No,0,1,0,0,1,0,True,False,False
EMP_0525,45.0,10.0,62164,Yes,1,0,0,0,1,0,True,False,False
EMP_0526,30.0,3.0,75595,No,1,0,0,0,0,1,False,True,False
EMP_0527,30.0,10.0,70257,No,0,0,1,0,0,1,False,True,False
EMP_0528,25.0,1.0,54211,No,1,0,0,0,0,1,True,False,False
EMP_0529,22.0,5.0,45232,No,1,0,0,0,1,0,True,False,False
EMP_0530,50.0,1.0,107753,Yes,0,0,1,0,0,1,True,False,False
EMP_0531,45.0,2.0,92691,No,1,0,0,0,1,0,False,True,False
EMP_0532,33.69500438212095,1.0,119768,No,0,0,0,1,0,1,True,False,False
EMP_0533,33.69500438212095,5.0,65613,No,0,1,0,0,0,1,True,False,False
EMP_0534,35.0,5.0,54026,No,0,1,0,0,0,1,False,False,True
EMP_0535,45.0,1.0,93535,Yes,0,1,0,0,1,0,False,False,True
EMP_0536,50.0,3.0,70908,No,0,1,0,0,1,0,False,True,False
EMP_0537,45.0,3.0,92113,Yes,0,0,1,0,1,0,False,False,True
EMP_0538,25.0,3.0,59610,No,0,1,0,0,0,1,False,False,True
EMP_0539,30.0,1.0,86646,No,0,1,0,0,1,0,False,False,True
EMP_0540,25.0,3.0,103185,No,0,1,0,0,1,0,False,True,False
EMP_0541,33.69500438212095,7.0,112567,No,0,1,0,0,0,1,False,False,True
EMP_0542,35.0,1.0,87574,No,0,0,0,1,0,1,False,True,False
EMP_0543,25.0,1.0,76182,No,0,1,0,0,1,0,True,False,False
EMP_0544,40.0,3.0,40570,No,0,0,0,1,1,0,False,False,True
EMP_0545,35.0,15.0,59288,No,0,0,1,0,1,0,False,True,False
EMP_0546,30.0,5.0,118824,No,1,0,0,0,1,0,False,False,True
EMP_0547,25.0,5.0,69877,No,0,1,0,0,0,1,True,False,False
EMP_0548,40.0,3.0,40917,No,1,0,0,0,0,1,False,True,False
EMP_0549,35.0,5.0,115602,Yes,1,0,0,0,0,1,False,True,False
EMP_0550,45.0,1.0,104575,No,0,0,1,0,1,0,False,True,False
EMP_0551,35.0,5.0,112518,Yes,1,0,0,0,1,0,True,False,False
EMP_0552,50.0,15.0,79104,No,0,0,0,1,0,1,True,False,False
EMP_0553,35.0,5.0,58062,Yes,1,0,0,0,0,1,True,False,False
EMP_0554,35.0,10.0,56999,No,1,0,0,0,1,0,False,True,False
EMP_0555,50.0,7.0,101845,No,1,0,0,0,1,0,True,False,False
EMP_0556,30.0,1.0,49941,No,0,1,0,0,0,1,False,False,True
EMP_0557,25.0,15.0,101169,No,0,1,0,0,0,1,True,False,False
EMP_0558,22.0,1.0,63470,No,0,0,0,1,0,1,False,True,False
EMP_0559,45.0,3.0,99821,No,0,0,0,1,1,0,False,False,True
EMP_0560,35.0,1.0,84435,No,0,1,0,0,1,0,True,False,False
EMP_0561,40.0,1.0,44529,Yes,0,0,0,1,1,0,False,False,True
EMP_0562,25.0,3.0,52192,No,0,1,0,0,1,0,False,False,True
EMP_0563,25.0,2.0,114102,No,0,0,1,0,1,0,False,True,False
EMP_0564,22.0,3.0,112762,No,1,0,0,0,1,0,False,False,True
EMP_0565,30.0,5.0,74087,No,1,0,0,0,0,1,False,False,True
EMP_0566,35.0,1.0,106677,No,0,0,0,1,0,1,False,True,False
EMP_0567,30.0,1.0,44627,Yes,0,1,0,0,1,0,False,True,False
EMP_0568,30.0,5.0,96541,No,0,1,0,0,0,1,False,True,False
EMP_0569,50.0,2.0,108226,No,0,0,0,1,1,0,False,False,True
EMP_0570,30.0,7.0,43255,No,0,1,0,0,0,1,False,False,True
EMP_0571,35.0,5.0,97433,No,0,0,1,0,1,0,False,False,True
EMP_0572,45.0,10.0,45213,No,1,0,0,0,0,1,False,True,False
EMP_0573,30.0,5.0,59404,No,0,0,0,1,0,1,True,False,False
EMP_0574,35.0,3.0,65380,No,0,0,0,1,1,0,False,False,True
EMP_0575,50.0,5.0,59173,Yes,0,1,0,0,1,0,True,False,False
EMP_0576,50.0,2.0,93027,No,0,0,0,1,0,1,False,True,False
EMP_0577,25.0,2.0,63989,No,0,0,1,0,0,1,False,False,True
EMP_0578,50.0,7.0,64519,No,0,1,0,0,1,0,True,False,False
EMP_0579,30.0,3.0,62439,No,0,1,0,0,0,1,False,False,True
EMP_0580,25.0,7.0,116949,Yes,0,1,0,0,1,0,False,False,True
EMP_0581,30.0,10.0,54995,Yes,0,1,0,0,1,0,False,False,True
EMP_0582,33.69500438212095,10.0,63559,No,0,0,1,0,0,1,True,False,False
EMP_0583,30.0,15.0,45021,Yes,0,1,0,0,1,0,False,True,False
EMP_0584,30.0,3.0,61119,No,0,0,0,1,0,1,False,False,True
EMP_0585,35.0,2.0,91539,Yes,0,0,1,0,0,1,False,True,False
EMP_0586,25.0,5.0,79350,Yes,1,0,0,0,1,0,False,True,False
EMP_0587,22.0,3.0,86223,No,1,0,0,0,0,1,True,False,False
EMP_0588,25.0,5.0,65517,No,0,0,0,1,1,0,True,False,False
EMP_0589,25.0,7.0,118653,No,0,0,0,1,1,0,False,True,False
EMP_0590,25.0,5.0,62250,No,0,0,1,0,1,0,False,False,True
EMP_0591,25.0,3.0,106798,No,1,0,0,0,0,1,True,False,False
EMP_0592,35.0,2.0,94199,No,1,0,0,0,1,0,False,False,True
EMP_0593,25.0,3.0,99546,No,1,0,0,0,0,1,False,False,True
EMP_0594,30.0,1.0,43327,No,1,0,0,0,1,0,False,False,True
EMP_0595,50.0,10.0,69768,Yes,1,0,0,0,1,0,False,True,False
EMP_0596,30.0,2.0,104418,No,0,1,0,0,1,0,False,False,True
EMP_0597,40.0,2.0,82788,No,0,0,0,1,0,1,False,True,False
EMP_0598,25.0,1.0,86830,No,0,1,0,0,0,1,False,True,False
EMP_0599,25.0,5.0,92446,No,1,0,0,0,1,0,False,False,True
EMP_0600,22.0,5.0,55160,No,0,0,1,0,1,0,False,False,True
EMP_0601,25.0,2.0,96583,No,0,0,1,0,0,1,False,False,True
EMP_0602,25.0,1.0,73998,No,1,0,0,0,0,1,False,False,True
EMP_0603,25.0,3.0,67230,No,1,0,0,0,0,1,False,True,False
EMP_0604,22.0,2.0,49076,No,0,0,1,0,1,0,False,False,True
EMP_0605,25.0,5.0,109341,No,0,1,0,0,0,1,False,False,True
EMP_0606,30.0,5.0,71085,No,0,1,0,0,1,0,False,True,False
EMP_0607,25.0,3.0,95571,No,1,0,0,0,0,1,True,False,False
EMP_0608,30.0,2.0,54715,Yes,0,1,0,0,1,0,True,False,False
EMP_0609,35.0,3.0,45750,Yes,0,0,1,0,1,0,False,True,False
EMP_0610,40.0,3.0,118768,No,0,1,0,0,1,0,True,False,False
EMP_0611,22.0,5.0,75903,No,1,0,0,0,0,1,False,True,False
EMP_0612,45.0,1.0,112489,No,0,0,1,0,0,1,False,False,True
EMP_0613,35.0,3.0,72093,No,0,1,0,0,0,1,False,False,True
EMP_0614,22.0,1.0,74314,No,0,0,0,1,1,0,True,False,False
EMP_0615,50.0,3.0,88225,No,0,0,1,0,1,0,False,False,True
EMP_0616,50.0,3.0,75179,No,0,0,1,0,0,1,True,False,False
EMP_0617,22.0,3.0,65338,Yes,0,0,0,1,1,0,True,False,False
EMP_0618,25.0,1.0,109681,No,0,0,0,1,1,0,False,False,True
EMP_0619,45.0,1.0,72101,Yes,0,0,1,0,1,0,False,False,True
EMP_0620,40.0,3.0,42775,No,0,0,0,1,0,1,True,False,False
EMP_0621,25.0,2.0,85619,No,1,0,0,0,1,0,False,False,True
EMP_0622,25.0,1.0,85838,No,1,0,0,0,0,1,False,True,False
EMP_0623,30.0,7.0,59539,No,1,0,0,0,0,1,False,False,True
EMP_0624,30.0,3.0,97124,No,0,0,1,0,0,1,False,False,True
EMP_0625,35.0,2.0,105149,No,0,0,0,1,0,1,False,True,False
EMP_0626,30.0,15.0,66616,Yes,0,0,0,1,0,1,False,False,True
EMP_0627,30.0,1.0,119655,No,0,1,0,0,1,0,False,False,True
EMP_0628,40.0,3.0,94567,No,0,1,0,0,0,1,True,False,False
EMP_0629,22.0,2.0,77099,No,0,0,0,1,0,1,False,False,True
EMP_0630,25.0,10.0,115831,No,0,0,0,1,0,1,False,False,True
EMP_0631,40.0,5.0,101799,Yes,0,0,0,1,1,0,False,True,False
EMP_0632,50.0,10.0,65479,Yes,0,0,1,0,1,0,True,False,False
EMP_0633,35.0,3.0,86172,No,0,0,0,1,1,0,True,False,False
EMP_0634,35.0,2.0,95863,No,0,1,0,0,1,0,True,False,False
EMP_0635,25.0,3.0,82043,No,0,0,1,0,0,1,False,False,True
EMP_0636,30.0,3.0,55408,No,0,0,0,1,0,1,True,False,False
EMP_0637,35.0,3.0,97980,No,0,1,0,0,1,0,False,True,False
EMP_0638,25.0,2.0,56351,No,0,0,1,0,1,0,True,False,False
EMP_0639,25.0,3.0,44131,No,0,0,0,1,1,0,False,True,False
EMP_0640,30.0,2.0,84825,No,0,0,0,1,1,0,True,False,False
EMP_0641,22.0,5.0,51349,No,0,0,0,1,0,1,True,False,False
EMP_0642,30.0,3.0,100931,No,0,0,1,0,1,0,False,True,False
EMP_0643,25.0,7.0,84254,Yes,0,1,0,0,1,0,True,False,False
EMP_0644,30.0,10.0,78225,No,0,1,0,0,1,0,True,False,False
EMP_0645,25.0,3.0,52453,No,1,0,0,0,1,0,True,False,False
EMP_0646,50.0,2.0,58814,No,0,0,0,1,1,0,False,False,True
EMP_0647,35.0,2.0,58263,Yes,1,0,0,0,1,0,False,True,False
EMP_0648,40.0,2.0,117694,No,1,0,0,0,1,0,True,False,False
EMP_0649,45.0,1.0,55735,Yes,0,1,0,0,0,1,False,True,False
EMP_0650,30.0,2.0,55830,Yes,0,0,1,0,0,1,False,True,False
EMP_0651,22.0,2.0,87893,No,0,0,1,0,0,1,False,True,False
EMP_0652,35.0,3.0,84673,No,0,1,0,0,0,1,True,False,False
EMP_0653,35.0,5.0,85066,No,0,0,1,0,0,1,True,False,False
EMP_0654,40.0,2.0,43373,No,1,0,0,0,0,1,False,True,False
EMP_0655,30.0,5.0,50335,Yes,0,0,0,1,1,0,False,False,True
EMP_0656,25.0,1.0,63741,No,0,1,0,0,1,0,False,True,False
EMP_0657,25.0,3.0,50692,No,0,0,0,1,0,1,False,False,True
EMP_0658,30.0,5.0,87295,No,0,0,1,0,1,0,False,True,False
EMP_0659,35.0,3.0,85541,No,0,0,0,1,0,1,False,True,False
EMP_0660,35.0,3.0,74057,No,0,0,1,0,1,0,False,True,False
EMP_0661,30.0,3.0,106983,No,0,0,1,0,1,0,True,False,False
EMP_0662,33.69500438212095,10.0,59583,Yes,1,0,0,0,1,0,False,False,True
EMP_0663,35.0,5.0,62765,No,0,0,1,0,1,0,False,False,True
EMP_0664,25.0,5.0,99287,No,1,0,0,0,1,0,False,True,False
EMP_0665,25.0,5.0,63906,Yes,1,0,0,0,1,0,True,False,False
EMP_0666,25.0,2.0,119675,No,1,0,0,0,0,1,True,False,False
EMP_0667,25.0,3.0,86525,No,0,1,0,0,0,1,False,False,True
EMP_0668,25.0,1.0,78230,No,0,1,0,0,1,0,True,False,False
EMP_0669,25.0,3.0,59520,Yes,0,0,1,0,0,1,False,False,True
EMP_0670,25.0,3.0,91934,No,1,0,0,0,1,0,False,False,True
EMP_0671,25.0,2.0,65566,No,0,1,0,0,0,1,False,False,True
EMP_0672,50.0,3.0,113193,No,1,0,0,0,1,0,True,False,False
EMP_0673,22.0,15.0,70134,No,0,0,0,1,0,1,False,False,True
EMP_0674,35.0,7.0,50345,No,0,0,0,1,1,0,False,False,True
EMP_0675,30.0,3.0,81185,No,0,0,0,1,0,1,False,True,False
EMP_0676,33.69500438212095,10.0,110744,No,0,0,1,0,1,0,False,False,True
EMP_0677,25.0,1.0,73455,No,1,0,0,0,0,1,False,False,True
EMP_0678,30.0,7.0,68018,No,0,0,0,1,1,0,False,True,False
EMP_0679,33.69500438212095,1.0,94219,No,0,1,0,0,1,0,False,True,False
EMP_0680,50.0,7.0,85991,Yes,0,0,0,1,1,0,True,False,False
EMP_0681,45.0,2.0,113616,No,0,0,0,1,0,1,False,False,True
EMP_0682,25.0,10.0,49486,No,0,0,0,1,0,1,True,False,False
EMP_0683,25.0,15.0,78862,No,0,0,1,0,0,1,True,False,False
EMP_0684,40.0,1.0,98870,No,0,1,0,0,1,0,False,True,False
EMP_0685,50.0,3.0,83856,No,1,0,0,0,0,1,True,False,False
EMP_0686,35.0,3.0,71379,No,0,1,0,0,1,0,False,False,True
EMP_0687,35.0,3.0,104729,No,1,0,0,0,0,1,False,True,False
EMP_0688,25.0,10.0,68378,No,0,0,1,0,0,1,False,False,True
EMP_0689,45.0,5.0,94353,No,0,0,1,0,0,1,False,False,True
EMP_0690,25.0,3.0,89996,No,0,0,1,0,0,1,False,True,False
EMP_0691,30.0,2.0,54031,No,0,0,1,0,1,0,False,False,True
EMP_0692,30.0,2.0,105982,No,1,0,0,0,0,1,False,True,False
EMP_0693,35.0,7.0,76683,No,0,0,0,1,0,1,False,False,True
EMP_0694,25.0,3.0,57618,No,1,0,0,0,1,0,False,True,False
EMP_0695,25.0,3.0,46587,No,0,1,0,0,1,0,True,False,False
EMP_0696,35.0,3.0,102790,No,0,0,1,0,0,1,False,False,True
EMP_0697,25.0,5.0,71480,No,0,0,1,0,0,1,False,True,False
EMP_0698,35.0,10.0,60527,No,0,1,0,0,1,0,False,False,True
EMP_0699,25.0,3.0,63569,No,1,0,0,0,1,0,False,False,True
EMP_0700,30.0,3.0,51151,Yes,0,0,0,1,1,0,False,False,True
EMP_0701,35.0,10.0,111094,No,0,0,0,1,0,1,False,True,False
EMP_0702,22.0,7.0,99174,No,0,1,0,0,0,1,True,False,False
EMP_0703,30.0,5.0,84739,No,0,0,0,1,0,1,True,False,False
EMP_0704,25.0,3.0,72954,No,1,0,0,0,1,0,True,False,False
EMP_0705,22.0,2.0,75303,No,1,0,0,0,1,0,False,True,False
EMP_0706,33.69500438212095,1.0,74700,No,0,1,0,0,1,0,True,False,False
EMP_0707,30.0,10.0,107568,No,1,0,0,0,0,1,False,True,False
EMP_0708,45.0,3.0,106788,No,0,0,1,0,1,0,False,False,True
EMP_0709,25.0,10.0,111045,Yes,0,1,0,0,0,1,False,False,True
EMP_0710,40.0,10.0,77842,No,1,0,0,0,1,0,True,False,False
EMP_0711,45.0,1.0,53900,No,0,1,0,0,0,1,False,True,False
EMP_0712,35.0,10.0,41881,No,0,0,0,1,0,1,False,False,True
EMP_0713,30.0,3.0,73037,No,1,0,0,0,1,0,False,True,False
EMP_0714,30.0,3.0,41630,No,0,0,1,0,0,1,False,True,False
EMP_0715,30.0,5.0,60789,No,1,0,0,0,1,0,False,False,True
EMP_0716,50.0,15.0,86151,No,0,1,0,0,0,1,False,True,False
EMP_0717,45.0,1.0,88920,No,0,1,0,0,1,0,False,False,True
EMP_0718,33.69500438212095,3.0,107231,No,1,0,0,0,1,0,False,False,True
EMP_0719,25.0,5.0,43262,No,0,0,1,0,0,1,False,False,True
EMP_0720,40.0,7.0,106981,No,0,0,1,0,1,0,False,True,False
EMP_0721,50.0,5.0,115485,No,0,0,1,0,0,1,False,False,True
EMP_0722,25.0,1.0,94722,No,0,1,0,0,1,0,False,True,False
EMP_0723,22.0,2.0,90818,No,1,0,0,0,1,0,False,False,True
EMP_0724,40.0,3.0,69932,No,0,0,0,1,1,0,False,False,True
EMP_0725,35.0,10.0,46901,Yes,0,1,0,0,1,0,True,False,False
EMP_0726,45.0,2.0,48597,No,0,0,1,0,0,1,True,False,False
EMP_0727,25.0,2.0,103909,No,1,0,0,0,1,0,True,False,False
EMP_0728,45.0,3.0,112391,Yes,0,0,1,0,1,0,False,True,False
EMP_0729,25.0,1.0,48263,Yes,0,0,0,1,0,1,False,True,False
EMP_0730,25.0,3.0,103293,Yes,0,0,1,0,0,1,False,False,True
EMP_0731,25.0,5.0,65805,No,0,0,1,0,0,1,False,False,True
EMP_0732,45.0,10.0,51874,No,0,0,0,1,0,1,False,False,True
EMP_0733,40.0,2.0,54079,No,1,0,0,0,0,1,False,False,True
EMP_0734,35.0,1.0,89850,Yes,0,1,0,0,0,1,False,True,False
EMP_0735,30.0,7.0,112779,Yes,1,0,0,0,1,0,False,False,True
EMP_0736,50.0,10.0,49018,No,0,0,0,1,0,1,False,False,True
EMP_0737,30.0,7.0,89500,No,0,0,1,0,1,0,True,False,False
EMP_0738,45.0,1.0,52100,No,1,0,0,0,0,1,False,False,True
EMP_0739,30.0,7.0,97021,Yes,0,1,0,0,1,0,False,False,True
EMP_0740,30.0,7.0,59800,No,0,0,0,1,1,0,False,False,True
EMP_0741,30.0,5.0,103400,No,1,0,0,0,1,0,False,True,False
EMP_0742,30.0,7.0,69437,No,0,1,0,0,0,1,True,False,False
EMP_0743,40.0,10.0,116537,No,0,0,0,1,0,1,False,False,True
EMP_0744,35.0,5.0,86675,No,0,1,0,0,0,1,False,False,True
EMP_0745,25.0,1.0,59942,No,0,0,0,1,0,1,True,False,False
EMP_0746,50.0,3.0,60862,No,0,0,1,0,1,0,False,False,True
EMP_0747,30.0,1.0,51669,No,1,0,0,0,0,1,False,True,False
EMP_0748,35.0,3.0,93772,No,0,1,0,0,1,0,False,False,True
EMP_0749,50.0,3.0,55916,Yes,0,0,0,1,1,0,False,True,False
EMP_0750,35.0,1.0,50878,No,0,1,0,0,0,1,False,True,False
EMP_0751,25.0,2.0,42985,No,0,1,0,0,0,1,False,False,True
EMP_0752,50.0,1.0,113648,No,1,0,0,0,0,1,True,False,False
EMP_0753,35.0,10.0,81235,No,0,0,1,0,1,0,False,True,False
EMP_0754,30.0,15.0,58931,No,0,1,0,0,0,1,True,False,False
EMP_0755,25.0,1.0,40336,Yes,0,0,0,1,1,0,False,False,True
EMP_0756,45.0,3.0,82933,No,0,0,0,1,0,1,False,True,False
EMP_0757,35.0,3.0,85536,No,0,0,1,0,1,0,False,False,True
EMP_0758,35.0,2.0,109504,No,0,0,0,1,0,1,True,False,False
EMP_0759,50.0,1.0,91148,Yes,0,0,1,0,0,1,False,False,True
EMP_0760,45.0,3.0,56279,No,0,0,0,1,1,0,False,False,True
EMP_0761,25.0,7.0,108665,No,1,0,0,0,0,1,False,True,False
EMP_0762,30.0,7.0,111386,No,0,1,0,0,0,1,False,False,True
EMP_0763,25.0,1.0,117485,No,1,0,0,0,0,1,False,False,True
EMP_0764,40.0,1.0,114055,No,0,1,0,0,0,1,False,False,True
EMP_0765,22.0,3.0,117273,No,0,1,0,0,0,1,False,True,False
EMP_0766,35.0,2.0,106670,No,0,1,0,0,0,1,True,False,False
EMP_0767,45.0,2.0,116474,Yes,1,0,0,0,0,1,True,False,False
EMP_0768,50.0,2.0,94028,Yes,0,1,0,0,1,0,False,False,True
EMP_0769,30.0,10.0,111128,No,1,0,0,0,1,0,False,True,False
EMP_0770,45.0,15.0,58108,No,0,0,1,0,0,1,False,False,True
EMP_0771,25.0,3.0,92495,No,0,0,0,1,0,1,True,False,False
EMP_0772,45.0,15.0,116533,No,0,0,0,1,0,1,False,True,False
EMP_0773,25.0,2.0,96830,No,0,1,0,0,1,0,True,False,False
EMP_0774,30.0,3.0,114640,No,1,0,0,0,1,0,True,False,False
EMP_0775,45.0,2.0,92509,No,0,0,0,1,0,1,False,True,False
EMP_0776,25.0,5.0,106406,No,1,0,0,0,1,0,False,True,False
EMP_0777,25.0,3.0,79519,No,1,0,0,0,0,1,False,False,True
EMP_0778,40.0,5.0,89649,No,0,1,0,0,0,1,False,False,True
EMP_0779,40.0,3.0,74524,No,0,0,0,1,0,1,True,False,False
EMP_0780,35.0,5.0,73885,No,0,1,0,0,0,1,False,True,False
EMP_0781,40.0,1.0,84369,No,0,1,0,0,1,0,False,True,False
EMP_0782,35.0,10.0,70676,No,0,0,0,1,1,0,False,False,True
EMP_0783,25.0,3.0,104093,Yes,0,0,0,1,0,1,True,False,False
EMP_0784,30.0,3.0,87764,No,0,0,1,0,1,0,True,False,False
EMP_0785,25.0,5.0,90799,No,0,0,1,0,1,0,False,False,True
EMP_0786,50.0,5.0,119414,Yes,1,0,0,0,0,1,False,True,False
EMP_0787,35.0,1.0,112307,No,0,0,0,1,1,0,False,False,True
EMP_0788,30.0,5.0,71923,No,0,0,1,0,0,1,False,False,True
EMP_0789,30.0,2.0,118388,No,1,0,0,0,0,1,False,False,True
EMP_0790,50.0,7.0,87574,No,1,0,0,0,0,1,False,False,True
EMP_0791,25.0,10.0,83391,No,1,0,0,0,0,1,False,True,False
EMP_0792,35.0,10.0,93664,No,0,0,1,0,1,0,False,False,True
EMP_0793,35.0,5.0,107384,No,0,0,0,1,0,1,False,True,False
EMP_0794,35.0,3.0,71027,No,0,1,0,0,1,0,False,False,True
EMP_0795,22.0,1.0,75464,Yes,1,0,0,0,0,1,True,False,False
EMP_0796,50.0,7.0,74485,No,0,0,1,0,0,1,False,True,False
EMP_0797,50.0,2.0,59456,Yes,0,0,1,0,1,0,True,False,False
EMP_0798,35.0,3.0,114795,No,0,1,0,0,0,1,False,False,True
EMP_0799,40.0,2.0,75554,No,0,1,0,0,1,0,False,False,True
EMP_0800,50.0,1.0,86922,No,0,0,1,0,1,0,False,False,True
EMP_0801,40.0,5.0,53409,No,0,0,0,1,0,1,False,True,False
EMP_0802,25.0,1.0,109327,No,0,1,0,0,0,1,True,False,False
EMP_0803,35.0,7.0,76639,No,0,0,1,0,0,1,False,True,False
EMP_0804,35.0,2.0,103627,No,0,1,0,0,0,1,False,True,False
EMP_0805,30.0,1.0,59692,No,0,0,0,1,0,1,False,False,True
EMP_0806,40.0,3.0,118840,No,1,0,0,0,0,1,True,False,False
EMP_0807,50.0,1.0,94200,Yes,0,1,0,0,1,0,False,False,True
EMP_0808,50.0,2.0,97415,No,0,0,0,1,1,0,False,True,False
EMP_0809,30.0,7.0,58074,Yes,0,0,1,0,0,1,False,False,True
EMP_0810,25.0,1.0,55549,No,0,1,0,0,1,0,True,False,False
EMP_0811,33.69500438212095,10.0,69963,Yes,0,1,0,0,1,0,False,False,True
EMP_0812,45.0,1.0,92265,Yes,0,0,1,0,0,1,True,False,False
EMP_0813,25.0,2.0,56061,No,1,0,0,0,0,1,True,False,False
EMP_0814,50.0,7.0,98226,No,0,0,1,0,1,0,False,False,True
EMP_0815,50.0,2.0,68810,Yes,0,1,0,0,0,1,False,True,False
EMP_0816,35.0,1.0,100006,No,0,0,1,0,1,0,False,False,True
EMP_0817,35.0,3.0,62800,No,0,0,0,1,0,1,False,True,False
EMP_0818,30.0,2.0,115476,No,0,0,1,0,1,0,False,True,False
EMP_0819,22.0,10.0,109460,Yes,0,1,0,0,1,0,False,False,True
EMP_0820,30.0,2.0,97767,No,0,0,1,0,1,0,False,True,False
EMP_0821,45.0,7.0,68054,No,1,0,0,0,1,0,False,True,False
EMP_0822,22.0,10.0,115319,Yes,0,0,1,0,0,1,False,False,True
EMP_0823,30.0,3.0,85397,No,1,0,0,0,0,1,False,False,True
EMP_0824,30.0,15.0,53233,No,0,0,0,1,1,0,False,False,True
EMP_0825,35.0,3.0,65068,No,1,0,0,0,1,0,False,True,False
EMP_0826,50.0,3.0,105727,No,0,0,1,0,0,1,True,False,False
EMP_0827,30.0,1.0,110453,No,0,1,0,0,0,1,False,True,False
EMP_0828,30.0,5.0,65832,No,1,0,0,0,1,0,True,False,False
EMP_0829,40.0,3.0,53682,No,0,0,0,1,1,0,False,False,True
EMP_0830,30.0,3.0,63383,No,1,0,0,0,1,0,True,False,False
EMP_0831,25.0,5.0,98160,No,1,0,0,0,1,0,False,False,True
EMP_0832,30.0,7.0,63666,No,1,0,0,0,1,0,False,False,True
EMP_0833,25.0,1.0,98817,No,0,0,0,1,0,1,True,False,False
EMP_0834,25.0,2.0,74642,No,0,0,1,0,1,0,False,False,True
EMP_0835,30.0,7.0,81830,No,1,0,0,0,0,1,True,False,False
EMP_0836,30.0,5.0,50234,No,1,0,0,0,0,1,False,False,True
EMP_0837,50.0,3.0,97616,No,0,1,0,0,0,1,False,True,False
EMP_0838,30.0,7.0,49221,No,0,0,0,1,1,0,False,True,False
EMP_0839,35.0,3.0,51410,No,1,0,0,0,0,1,False,False,True
EMP_0840,35.0,7.0,101413,Yes,0,0,0,1,0,1,False,False,True
EMP_0841,22.0,2.0,41051,No,1,0,0,0,0,1,True,False,False
EMP_0842,40.0,1.0,115301,No,0,0,1,0,0,1,False,True,False
EMP_0843,25.0,7.0,116918,No,0,0,1,0,1,0,True,False,False
EMP_0844,33.69500438212095,5.0,118116,No,1,0,0,0,1,0,False,False,True
EMP_0845,25.0,1.0,96563,No,0,0,1,0,0,1,False,False,True
EMP_0846,30.0,3.0,84757,Yes,1,0,0,0,0,1,True,False,False
EMP_0847,22.0,3.0,117475,Yes,0,0,1,0,1,0,False,False,True
EMP_0848,33.69500438212095,3.0,91257,No,0,1,0,0,1,0,False,True,False
EMP_0849,35.0,3.0,40307,Yes,0,1,0,0,1,0,True,False,False
EMP_0850,35.0,3.0,96889,No,0,1,0,0,0,1,False,True,False
EMP_0851,22.0,2.0,108895,No,0,0,0,1,1,0,False,True,False
EMP_0852,40.0,3.0,75944,No,0,0,0,1,0,1,False,True,False
EMP_0853,25.0,3.0,78134,Yes,0,1,0,0,0,1,True,False,False
EMP_0854,50.0,1.0,67323,No,0,0,0,1,1,0,False,False,True
EMP_0855,25.0,7.0,111762,No,0,0,1,0,0,1,False,True,False
EMP_0856,25.0,3.0,65954,No,1,0,0,0,1,0,False,True,False
EMP_0857,22.0,10.0,95021,No,1,0,0,0,0,1,False,True,False
EMP_0858,30.0,10.0,119866,No,1,0,0,0,1,0,False,False,True
EMP_0859,35.0,2.0,110427,No,0,1,0,0,0,1,False,False,True
EMP_0860,22.0,5.0,44992,No,0,0,0,1,0,1,True,False,False
EMP_0861,45.0,3.0,41961,No,0,0,1,0,1,0,False,False,True
EMP_0862,30.0,10.0,52497,No,0,0,1,0,1,0,True,False,False
EMP_0863,35.0,2.0,72551,No,0,1,0,0,1,0,True,False,False
EMP_0864,30.0,5.0,116384,No,0,0,1,0,1,0,True,False,False
EMP_0865,30.0,5.0,95755,No,0,0,1,0,0,1,True,False,False
EMP_0866,35.0,2.0,53255,No,0,0,1,0,1,0,True,False,False
EMP_0867,25.0,1.0,44567,Yes,0,0,1,0,1,0,False,True,False
EMP_0868,25.0,5.0,88847,No,0,0,0,1,0,1,False,False,True
EMP_0869,50.0,7.0,88003,Yes,0,0,1,0,1,0,False,True,False
EMP_0870,50.0,2.0,60389,Yes,1,0,0,0,1,0,True,False,False
EMP_0871,30.0,5.0,84523,No,0,1,0,0,0,1,False,False,True
EMP_0872,25.0,3.0,101576,No,0,0,0,1,1,0,False,True,False
EMP_0873,35.0,7.0,83919,No,0,0,1,0,1,0,False,True,False
EMP_0874,30.0,2.0,43358,No,0,0,0,1,1,0,True,False,False
EMP_0875,22.0,10.0,116524,Yes,0,0,1,0,1,0,False,True,False
EMP_0876,25.0,2.0,45698,No,1,0,0,0,1,0,False,True,False
EMP_0877,40.0,3.0,106809,Yes,0,1,0,0,1,0,False,True,False
EMP_0878,40.0,1.0,95805,No,0,0,1,0,0,1,False,True,False
EMP_0879,22.0,1.0,71349,No,0,0,1,0,1,0,False,True,False
EMP_0880,25.0,3.0,116777,No,0,0,1,0,0,1,True,False,False
EMP_0881,25.0,2.0,90248,No,0,0,1,0,0,1,True,False,False
EMP_0882,40.0,10.0,115033,No,0,1,0,0,0,1,False,True,False
EMP_0883,22.0,1.0,84041,No,0,1,0,0,0,1,True,False,False
EMP_0884,25.0,3.0,71954,No,1,0,0,0,1,0,True,False,False
EMP_0885,45.0,2.0,48002,No,0,1,0,0,1,0,False,False,True
EMP_0886,25.0,1.0,109783,No,0,0,1,0,1,0,False,True,False
EMP_0887,40.0,1.0,59738,Yes,1,0,0,0,0,1,True,False,False
EMP_0888,25.0,3.0,50703,No,1,0,0,0,1,0,True,False,False
EMP_0889,22.0,3.0,89422,No,1,0,0,0,1,0,False,True,False
EMP_0890,25.0,3.0,101899,No,0,0,1,0,1,0,False,False,True
EMP_0891,40.0,3.0,52392,No,0,0,0,1,0,1,False,True,False
EMP_0892,50.0,5.0,84724,No,0,0,1,0,0,1,False,False,True
EMP_0893,45.0,1.0,72299,No,0,1,0,0,1,0,False,True,False
EMP_0894,30.0,3.0,55641,No,0,1,0,0,0,1,False,True,False
EMP_0895,40.0,3.0,119534,No,0,0,1,0,0,1,False,True,False
EMP_0896,25.0,3.0,46305,No,0,0,1,0,1,0,False,True,False
EMP_0897,25.0,5.0,58782,No,1,0,0,0,0,1,False,False,True
EMP_0898,50.0,2.0,118257,No,0,0,1,0,0,1,False,False,True
EMP_0899,22.0,7.0,117963,No,1,0,0,0,1,0,True,False,False
EMP_0900,22.0,7.0,60566,No,0,1,0,0,0,1,False,True,False
EMP_0901,25.0,3.0,107766,No,1,0,0,0,0,1,False,False,True
EMP_0902,22.0,3.0,46511,No,0,0,1,0,0,1,False,False,True
EMP_0903,25.0,1.0,66177,No,0,1,0,0,0,1,False,False,True
EMP_0904,35.0,1.0,44765,Yes,0,0,0,1,0,1,False,True,False
EMP_0905,30.0,7.0,60354,No,1,0,0,0,0,1,True,False,False
EMP_0906,50.0,10.0,63929,No,0,1,0,0,0,1,False,False,True
EMP_0907,45.0,1.0,68820,Yes,1,0,0,0,0,1,False,True,False
EMP_0908,30.0,2.0,69523,Yes,0,1,0,0,1,0,False,False,True
EMP_0909,25.0,1.0,111088,No,0,1,0,0,1,0,False,False,True
EMP_0910,30.0,2.0,106163,Yes,1,0,0,0,1,0,True,False,False
EMP_0911,35.0,7.0,117525,No,0,0,0,1,1,0,False,False,True
EMP_0912,25.0,3.0,53780,No,0,1,0,0,0,1,False,False,True
EMP_0913,35.0,2.0,46589,No,0,1,0,0,1,0,False,True,False
EMP_0914,30.0,3.0,74812,No,0,1,0,0,1,0,False,True,False
EMP_0915,35.0,1.0,85939,No,0,0,0,1,0,1,True,False,False
EMP_0916,30.0,2.0,91493,No,0,0,0,1,0,1,False,True,False
EMP_0917,25.0,5.0,80953,No,0,0,1,0,0,1,False,True,False
EMP_0918,50.0,3.0,105785,No,1,0,0,0,0,1,True,False,False
EMP_0919,45.0,10.0,59309,No,0,0,0,1,0,1,False,False,True
EMP_0920,25.0,1.0,94195,No,1,0,0,0,1,0,True,False,False
EMP_0921,50.0,10.0,65901,Yes,0,0,1,0,0,1,False,True,False
EMP_0922,30.0,7.0,63576,No,1,0,0,0,1,0,True,False,False
EMP_0923,50.0,7.0,71508,Yes,0,0,0,1,1,0,False,False,True
EMP_0924,45.0,3.0,114711,No,1,0,0,0,0,1,True,False,False
EMP_0925,30.0,3.0,65464,No,0,0,0,1,1,0,False,True,False
EMP_0926,22.0,2.0,100281,No,1,0,0,0,1,0,False,True,False
EMP_0927,25.0,1.0,56260,No,0,0,0,1,0,1,True,False,False
EMP_0928,35.0,2.0,75440,Yes,0,0,0,1,1,0,False,False,True
EMP_0929,35.0,2.0,96683,No,1,0,0,0,1,0,True,False,False
EMP_0930,25.0,3.0,81430,No,0,0,1,0,1,0,False,False,True
EMP_0931,25.0,7.0,41987,No,0,1,0,0,0,1,False,False,True
EMP_0932,45.0,3.0,65105,No,0,0,1,0,0,1,True,False,False
EMP_0933,33.69500438212095,1.0,118484,No,1,0,0,0,0,1,False,False,True
EMP_0934,35.0,3.0,53026,No,0,0,1,0,1,0,False,True,False
EMP_0935,25.0,15.0,108309,No,0,0,0,1,0,1,True,False,False
EMP_0936,25.0,7.0,85927,No,0,1,0,0,1,0,False,False,True
EMP_0937,22.0,3.0,115414,No,1,0,0,0,0,1,False,True,False
EMP_0938,50.0,3.0,97535,No,1,0,0,0,1,0,True,False,False
EMP_0939,25.0,3.0,82946,No,1,0,0,0,0,1,False,True,False
EMP_0940,35.0,1.0,96561,Yes,0,1,0,0,0,1,False,True,False
EMP_0941,25.0,3.0,50377,No,0,0,0,1,1,0,False,True,False
EMP_0942,35.0,2.0,93592,No,1,0,0,0,0,1,False,False,True
EMP_0943,40.0,2.0,47347,No,0,0,1,0,1,0,True,False,False
EMP_0944,45.0,1.0,73776,Yes,1,0,0,0,0,1,True,False,False
EMP_0945,25.0,5.0,43783,No,1,0,0,0,0,1,False,False,True
EMP_0946,22.0,7.0,95798,No,1,0,0,0,1,0,True,False,False
EMP_0947,25.0,5.0,44298,No,1,0,0,0,1,0,False,True,False
EMP_0948,50.0,1.0,110204,No,0,0,0,1,1,0,True,False,False
EMP_0949,50.0,10.0,95161,No,0,0,1,0,0,1,False,False,True
EMP_0950,35.0,5.0,100652,No,0,0,0,1,1,0,False,True,False
EMP_0951,35.0,3.0,74484,No,0,0,1,0,0,1,False,False,True
EMP_0952,40.0,5.0,60922,No,1,0,0,0,1,0,False,True,False
EMP_0953,25.0,2.0,74028,No,0,1,0,0,1,0,False,True,False
EMP_0954,50.0,2.0,60316,No,0,0,0,1,1,0,True,False,False
EMP_0955,30.0,15.0,116996,No,0,1,0,0,1,0,False,True,False
EMP_0956,30.0,2.0,56968,Yes,0,0,0,1,1,0,False,False,True
EMP_0957,35.0,3.0,70266,Yes,1,0,0,0,1,0,True,False,False
EMP_0958,22.0,10.0,64000,No,0,0,0,1,0,1,False,False,True
EMP_0959,25.0,7.0,54011,No,1,0,0,0,1,0,False,True,False
EMP_0960,40.0,1.0,42866,No,0,0,0,1,0,1,False,False,True
EMP_0961,22.0,1.0,45898,No,1,0,0,0,1,0,False,False,True
EMP_0962,35.0,1.0,58395,Yes,1,0,0,0,1,0,False,True,False
EMP_0963,25.0,5.0,79019,No,0,0,1,0,1,0,True,False,False
EMP_0964,30.0,3.0,44006,No,1,0,0,0,0,1,False,False,True
EMP_0965,25.0,1.0,74393,No,0,0,1,0,0,1,False,True,False
EMP_0966,30.0,3.0,50956,No,1,0,0,0,1,0,True,False,False
EMP_0967,40.0,3.0,90042,No,0,1,0,0,0,1,True,False,False
EMP_0968,25.0,2.0,46078,No,1,0,0,0,1,0,True,False,False
EMP_0969,35.0,3.0,69631,No,0,1,0,0,1,0,False,False,True
EMP_0970,30.0,5.0,102901,No,0,1,0,0,0,1,False,False,True
EMP_0971,40.0,1.0,109497,No,1,0,0,0,0,1,False,False,True
EMP_0972,50.0,2.0,81574,No,0,1,0,0,0,1,True,False,False
EMP_0973,40.0,10.0,71417,Yes,0,0,1,0,0,1,False,False,True
EMP_0974,25.0,3.0,105006,Yes,0,0,0,1,1,0,False,True,False
EMP_0975,22.0,3.0,79454,No,1,0,0,0,0,1,False,False,True
EMP_0976,25.0,3.0,41587,No,0,1,0,0,0,1,False,False,True
EMP_0977,35.0,1.0,94710,No,1,0,0,0,1,0,True,False,False
EMP_0978,22.0,2.0,115886,No,0,0,1,0,0,1,False,False,True
EMP_0979,30.0,3.0,58816,No,1,0,0,0,0,1,False,True,False
EMP_0980,35.0,2.0,69432,No,1,0,0,0,0,1,True,False,False
EMP_0981,30.0,1.0,88617,No,0,1,0,0,0,1,False,True,False
EMP_0982,45.0,10.0,112373,No,0,0,1,0,1,0,True,False,False
EMP_0983,25.0,3.0,74217,No,0,0,0,1,1,0,True,False,False
EMP_0984,22.0,7.0,60884,No,0,0,0,1,0,1,False,False,True
EMP_0985,40.0,10.0,45454,No,0,1,0,0,0,1,False,True,False
EMP_0986,30.0,2.0,114960,No,1,0,0,0,1,0,True,False,False
EMP_0987,40.0,3.0,83618,No,0,1,0,0,0,1,False,False,True
EMP_0988,30.0,2.0,102671,No,0,1,0,0,0,1,True,False,False
EMP_0989,25.0,3.0,87111,No,0,1,0,0,0,1,True,False,False
EMP_0990,45.0,3.0,79613,Yes,1,0,0,0,0,1,True,False,False
EMP_0991,45.0,7.0,99993,No,0,0,1,0,0,1,True,False,False
EMP_0992,40.0,3.0,48848,No,0,1,0,0,0,1,True,False,False
EMP_0993,25.0,5.0,118672,No,1,0,0,0,0,1,True,False,False
EMP_0994,35.0,2.0,106125,No,0,0,1,0,0,1,False,False,True
EMP_0995,30.0,3.0,101602,No,0,1,0,0,0,1,True,False,False
EMP_0996,22.0,5.0,112045,No,0,0,0,1,1,0,False,True,False
EMP_0997,50.0,1.0,82222,No,0,0,1,0,1,0,False,False,True
EMP_0998,25.0,5.0,89223,No,0,1,0,0,1,0,False,True,False
EMP_0999,33.69500438212095,3.0,105333,No,0,0,1,0,0,1,True,False,False
EMP_1000,30.0,2.0,92732,Yes,0,0,1,0,0,1,False,True,False
EMP_1001,25.0,7.0,89420,Yes,0,0,1,0,1,0,True,False,False
EMP_1002,35.0,15.0,115504,No,0,0,1,0,0,1,True,False,False
EMP_1003,50.0,15.0,42462,No,0,0,1,0,1,0,False,False,True
EMP_1004,40.0,3.0,49460,No,0,0,1,0,0,1,False,False,True
EMP_1005,45.0,3.0,49275,No,0,1,0,0,1,0,True,False,False
EMP_1006,40.0,3.0,53269,No,0,0,0,1,1,0,False,False,True
EMP_1007,40.0,7.0,105942,No,1,0,0,0,1,0,False,True,False
EMP_1008,45.0,2.0,112920,No,0,0,1,0,0,1,False,False,True
EMP_1009,25.0,3.0,62553,No,1,0,0,0,1,0,False,False,True
EMP_1010,30.0,7.0,64366,No,0,1,0,0,0,1,False,True,False
EMP_1011,25.0,2.0,84036,No,0,0,1,0,0,1,False,False,True
EMP_1012,33.69500438212095,5.0,57369,No,0,0,0,1,0,1,True,False,False
EMP_1013,50.0,5.0,51795,No,1,0,0,0,0,1,False,True,False
EMP_1014,22.0,2.0,110021,No,0,0,1,0,0,1,True,False,False
EMP_1015,40.0,5.0,108154,No,0,1,0,0,0,1,False,True,False
EMP_1016,50.0,7.0,70143,No,0,0,0,1,0,1,True,False,False
EMP_1017,25.0,3.0,69425,No,1,0,0,0,1,0,True,False,False
EMP_1018,35.0,1.0,115139,No,1,0,0,0,1,0,False,False,True
EMP_1019,50.0,1.0,45368,No,0,0,1,0,1,0,True,False,False
EMP_1020,22.0,3.0,44621,No,0,0,0,1,0,1,False,False,True
EMP_1021,40.0,15.0,98829,No,0,0,0,1,0,1,False,True,False
EMP_1022,25.0,2.0,100294,No,0,0,0,1,0,1,True,False,False
EMP_1023,50.0,5.0,54719,No,0,0,0,1,0,1,True,False,False
EMP_1024,33.69500438212095,2.0,69227,No,0,1,0,0,1,0,False,True,False
EMP_1025,50.0,2.0,47566,No,0,0,0,1,0,1,False,True,False
EMP_1026,30.0,10.0,52306,No,1,0,0,0,1,0,True,False,False
EMP_1027,50.0,7.0,93822,No,1,0,0,0,0,1,False,True,False
EMP_1028,45.0,1.0,64042,Yes,0,1,0,0,1,0,False,False,True
EMP_1029,30.0,3.0,55086,No,1,0,0,0,0,1,False,True,False
EMP_1030,45.0,1.0,57387,No,1,0,0,0,1,0,False,True,False
EMP_1031,22.0,3.0,67042,No,0,0,0,1,0,1,True,False,False
EMP_1032,35.0,5.0,91618,No,1,0,0,0,1,0,False,False,True
EMP_1033,25.0,1.0,58323,No,0,1,0,0,0,1,False,True,False
EMP_1034,25.0,2.0,58019,No,0,0,0,1,1,0,False,False,True
EMP_1035,22.0,3.0,115426,Yes,0,0,1,0,1,0,False,False,True
EMP_1036,40.0,15.0,80863,No,0,0,0,1,0,1,False,False,True
EMP_1037,30.0,3.0,50283,No,0,1,0,0,1,0,True,False,False
EMP_1038,40.0,1.0,58279,No,0,0,0,1,0,1,False,True,False
EMP_1039,22.0,7.0,86999,No,0,0,0,1,0,1,True,False,False
EMP_1040,30.0,3.0,102780,No,0,1,0,0,0,1,False,True,False
EMP_1041,35.0,3.0,62908,No,0,0,0,1,1,0,False,True,False
EMP_1042,45.0,7.0,101584,No,0,1,0,0,1,0,True,False,False
EMP_1043,30.0,15.0,90225,No,0,1,0,0,0,1,False,False,True
EMP_1044,35.0,3.0,77952,No,0,0,1,0,0,1,False,False,True
EMP_1045,50.0,5.0,77663,No,1,0,0,0,1,0,False,True,False
EMP_1046,35.0,3.0,101381,Yes,1,0,0,0,1,0,True,False,False
EMP_1047,25.0,7.0,87929,No,0,0,0,1,1,0,False,False,True
EMP_1048,22.0,2.0,49343,No,0,0,0,1,0,1,False,False,True
EMP_1049,50.0,5.0,116173,No,0,0,1,0,0,1,False,True,False
EMP_1050,22.0,3.0,79791,No,0,0,1,0,0,1,False,True,False
EMP_1051,50.0,5.0,69134,No,0,0,1,0,0,1,True,False,False
EMP_1052,35.0,2.0,87101,No,0,1,0,0,0,1,False,True,False
EMP_1053,50.0,2.0,109443,No,0,0,1,0,1,0,False,False,True
EMP_1054,45.0,15.0,97530,No,0,0,1,0,0,1,False,False,True
EMP_1055,33.69500438212095,1.0,86799,Yes,0,0,0,1,1,0,False,False,True
EMP_1056,30.0,3.0,44827,No,0,0,1,0,1,0,False,False,True
EMP_1057,45.0,2.0,102653,No,0,1,0,0,0,1,True,False,False
EMP_1058,30.0,1.0,53699,No,0,1,0,0,1,0,True,False,False
EMP_1059,30.0,1.0,45313,No,0,0,0,1,0,1,False,True,False
EMP_1060,35.0,2.0,53598,No,0,0,1,0,1,0,False,True,False
EMP_1061,50.0,10.0,68807,No,0,0,1,0,0,1,False,True,False
EMP_1062,33.69500438212095,2.0,110423,No,0,1,0,0,0,1,True,False,False
EMP_1063,45.0,3.0,109390,No,0,0,1,0,1,0,False,False,True
EMP_1064,30.0,5.0,85226,No,0,0,1,0,0,1,False,True,False
EMP_1065,30.0,3.0,99550,No,0,0,1,0,1,0,False,False,True
EMP_1066,40.0,5.0,43558,Yes,1,0,0,0,0,1,False,True,False
EMP_1067,25.0,3.0,115308,No,0,0,0,1,0,1,False,True,False
EMP_1068,25.0,7.0,90113,No,1,0,0,0,0,1,False,True,False
EMP_1069,30.0,2.0,92999,No,0,0,0,1,1,0,False,True,False
EMP_1070,25.0,3.0,95878,No,0,1,0,0,1,0,False,True,False
EMP_1071,25.0,10.0,76343,No,0,0,1,0,0,1,False,False,True
EMP_1072,25.0,15.0,98219,Yes,0,0,0,1,1,0,False,True,False
EMP_1073,22.0,10.0,75186,Yes,1,0,0,0,0,1,False,False,True
EMP_1074,22.0,3.0,76966,Yes,0,0,1,0,1,0,True,False,False
EMP_1075,33.69500438212095,7.0,73769,No,0,1,0,0,1,0,False,True,False
EMP_1076,30.0,3.0,93218,No,0,0,0,1,0,1,False,False,True
EMP_1077,30.0,3.0,59229,Yes,0,0,0,1,0,1,True,False,False
EMP_1078,40.0,2.0,115209,No,0,0,0,1,0,1,True,False,False
EMP_1079,25.0,5.0,67877,No,0,0,1,0,0,1,True,False,False
EMP_1080,50.0,2.0,98001,No,1,0,0,0,0,1,False,False,True
EMP_1081,45.0,2.0,78084,No,1,0,0,0,1,0,False,True,False
EMP_1082,22.0,10.0,56806,No,0,0,0,1,1,0,False,True,False
EMP_1083,30.0,2.0,77034,No,0,1,0,0,0,1,False,False,True
EMP_1084,50.0,1.0,80317,No,0,1,0,0,0,1,False,True,False
EMP_1085,50.0,1.0,95468,No,1,0,0,0,0,1,False,False,True
EMP_1086,30.0,15.0,59094,No,0,1,0,0,1,0,False,True,False
EMP_1087,35.0,3.0,97796,No,1,0,0,0,0,1,True,False,False
EMP_1088,25.0,3.0,50589,No,0,0,0,1,0,1,False,True,False
EMP_1089,33.69500438212095,10.0,97221,No,1,0,0,0,1,0,False,False,True
EMP_1090,25.0,10.0,41657,No,1,0,0,0,1,0,False,False,True
EMP_1091,50.0,2.0,79531,No,0,0,0,1,1,0,True,False,False
EMP_1092,35.0,5.0,92227,No,0,1,0,0,1,0,False,False,True
EMP_1093,35.0,7.0,43164,No,1,0,0,0,0,1,False,True,False
EMP_1094,35.0,5.0,81247,No,1,0,0,0,1,0,False,True,False
EMP_1095,25.0,2.0,59601,No,0,0,0,1,1,0,True,False,False
EMP_1096,25.0,10.0,90599,No,0,1,0,0,0,1,False,False,True
EMP_1097,25.0,3.0,111545,No,1,0,0,0,0,1,True,False,False
EMP_1098,25.0,2.0,44552,No,0,0,0,1,0,1,False,True,False
EMP_1099,45.0,3.0,49417,No,1,0,0,0,1,0,True,False,False
EMP_1100,30.0,1.0,98579,No,0,0,1,0,0,1,False,False,True
EMP_1101,22.0,1.0,108207,No,0,0,0,1,1,0,True,False,False
EMP_1102,33.69500438212095,7.0,112055,No,0,1,0,0,1,0,False,False,True
EMP_1103,50.0,1.0,118270,No,0,1,0,0,1,0,False,False,True
EMP_1104,50.0,3.0,43722,No,0,1,0,0,0,1,False,True,False
EMP_1105,33.69500438212095,3.0,110442,No,0,1,0,0,1,0,False,True,False
EMP_1106,25.0,1.0,80031,Yes,1,0,0,0,0,1,False,True,False
EMP_1107,30.0,3.0,119235,No,1,0,0,0,0,1,False,False,True
EMP_1108,45.0,2.0,61438,No,0,1,0,0,0,1,True,False,False
EMP_1109,40.0,2.0,98819,No,0,1,0,0,1,0,False,False,True
EMP_1110,25.0,2.0,83856,No,0,1,0,0,1,0,False,True,False
EMP_1111,45.0,2.0,73576,No,1,0,0,0,1,0,False,True,False
EMP_1112,25.0,1.0,81938,Yes,0,1,0,0,0,1,True,False,False
EMP_1113,25.0,7.0,89028,No,0,1,0,0,1,0,False,True,False
EMP_1114,35.0,3.0,99807,Yes,0,0,1,0,1,0,False,True,False
EMP_1115,35.0,2.0,89877,No,0,0,1,0,1,0,False,True,False
EMP_1116,35.0,5.0,83461,No,0,1,0,0,1,0,True,False,False
EMP_1117,22.0,7.0,80469,No,0,0,0,1,1,0,False,False,True
EMP_1118,50.0,10.0,60435,No,0,1,0,0,0,1,False,True,False
EMP_1119,25.0,3.0,54191,No,0,0,1,0,0,1,True,False,False
EMP_1120,25.0,2.0,67386,No,0,0,0,1,0,1,False,True,False
EMP_1121,50.0,2.0,71721,No,0,0,0,1,0,1,True,False,False
EMP_1122,33.69500438212095,7.0,94786,No,0,1,0,0,1,0,False,True,False
EMP_1123,50.0,10.0,53704,No,0,0,1,0,0,1,True,False,False
EMP_1124,45.0,2.0,96635,No,0,0,1,0,1,0,False,True,False
EMP_1125,40.0,3.0,42123,Yes,0,0,0,1,0,1,False,False,True
EMP_1126,35.0,15.0,102993,No,0,1,0,0,0,1,False,True,False
EMP_1127,22.0,10.0,65416,No,1,0,0,0,0,1,True,False,False
EMP_1128,30.0,3.0,41814,No,1,0,0,0,1,0,False,True,False
EMP_1129,30.0,7.0,118537,No,0,0,1,0,1,0,False,False,True
EMP_1130,25.0,3.0,90258,No,1,0,0,0,0,1,False,True,False
EMP_1131,40.0,5.0,56508,No,0,0,1,0,1,0,True,False,False
EMP_1132,30.0,5.0,118916,No,0,0,1,0,0,1,True,False,False
EMP_1133,22.0,1.0,75699,No,0,0,1,0,0,1,False,False,True
EMP_1134,25.0,3.0,86335,Yes,1,0,0,0,0,1,True,False,False
EMP_1135,40.0,7.0,86806,Yes,0,0,1,0,1,0,False,True,False
EMP_1136,22.0,2.0,117853,No,0,0,0,1,0,1,False,True,False
EMP_1137,50.0,7.0,103768,No,0,1,0,0,0,1,False,True,False
EMP_1138,30.0,5.0,75739,No,0,1,0,0,0,1,True,False,False
EMP_1139,30.0,3.0,74785,Yes,0,0,1,0,1,0,False,True,False
EMP_1140,35.0,1.0,71980,No,0,1,0,0,0,1,False,True,False
EMP_1141,45.0,2.0,41609,No,1,0,0,0,1,0,False,True,False
EMP_1142,30.0,5.0,106253,No,1,0,0,0,0,1,False,False,True
EMP_1143,40.0,2.0,68141,No,0,1,0,0,1,0,True,False,False
EMP_1144,35.0,7.0,70009,No,1,0,0,0,0,1,True,False,False
EMP_1145,25.0,7.0,46782,No,0,1,0,0,0,1,True,False,False
EMP_1146,50.0,1.0,65933,No,0,1,0,0,1,0,False,False,True
EMP_1147,45.0,3.0,117154,No,0,1,0,0,1,0,True,False,False
EMP_1148,40.0,3.0,48307,No,0,0,1,0,0,1,False,False,True
EMP_1149,50.0,3.0,115874,Yes,0,1,0,0,1,0,False,False,True
EMP_1150,50.0,15.0,78346,No,0,0,1,0,0,1,True,False,False
EMP_1151,40.0,10.0,90772,No,0,1,0,0,0,1,False,True,False
EMP_1152,45.0,5.0,112084,No,0,1,0,0,0,1,False,True,False
EMP_1153,40.0,7.0,80149,Yes,0,1,0,0,1,0,True,False,False
EMP_1154,40.0,3.0,67526,No,1,0,0,0,0,1,True,False,False
EMP_1155,35.0,15.0,108477,No,0,0,1,0,1,0,False,False,True
EMP_1156,45.0,5.0,45695,No,0,0,1,0,0,1,True,False,False
EMP_1157,25.0,7.0,79169,No,0,1,0,0,1,0,False,False,True
EMP_1158,50.0,10.0,87947,No,0,1,0,0,1,0,True,False,False
EMP_1159,50.0,2.0,87224,Yes,1,0,0,0,0,1,False,True,False
EMP_1160,22.0,10.0,85865,No,1,0,0,0,1,0,False,True,False
EMP_1161,45.0,2.0,65553,No,1,0,0,0,0,1,True,False,False
EMP_1162,25.0,2.0,100410,No,0,0,1,0,0,1,False,False,True
EMP_1163,30.0,2.0,64816,No,0,0,1,0,0,1,False,True,False
EMP_1164,40.0,3.0,95026,No,0,0,1,0,0,1,False,False,True
EMP_1165,25.0,10.0,90705,No,0,1,0,0,0,1,True,False,False
EMP_1166,45.0,7.0,101922,No,0,0,1,0,1,0,True,False,False
EMP_1167,45.0,7.0,113914,No,0,0,0,1,0,1,False,True,False
EMP_1168,35.0,5.0,41881,No,0,0,0,1,1,0,True,False,False
EMP_1169,22.0,15.0,79567,No,1,0,0,0,1,0,False,True,False
EMP_1170,25.0,3.0,87365,No,0,0,1,0,0,1,False,False,True
EMP_1171,35.0,3.0,119211,No,0,0,0,1,1,0,False,True,False
EMP_1172,33.69500438212095,2.0,110122,No,1,0,0,0,0,1,False,True,False
EMP_1173,35.0,7.0,65006,No,0,0,1,0,1,0,False,False,True
EMP_1174,25.0,7.0,81198,No,0,1,0,0,1,0,False,True,False
EMP_1175,35.0,3.0,62831,No,0,0,0,1,1,0,False,True,False
EMP_1176,35.0,1.0,56459,Yes,0,1,0,0,0,1,True,False,False
EMP_1177,45.0,10.0,72443,No,0,0,1,0,1,0,False,False,True
EMP_1178,25.0,1.0,82316,No,0,0,0,1,0,1,False,True,False
EMP_1179,45.0,7.0,104486,Yes,0,0,1,0,1,0,False,False,True
EMP_1180,35.0,3.0,45877,Yes,0,1,0,0,1,0,False,False,True
EMP_1181,33.69500438212095,3.0,79553,No,0,0,0,1,1,0,False,True,False
EMP_1182,30.0,2.0,44922,No,0,1,0,0,1,0,True,False,False
EMP_1183,35.0,7.0,44686,No,0,0,1,0,0,1,False,False,True
EMP_1184,50.0,10.0,72766,No,0,0,1,0,0,1,False,True,False
EMP_1185,25.0,3.0,119943,No,0,1,0,0,1,0,False,False,True
EMP_1186,50.0,3.0,72006,Yes,0,0,0,1,1,0,True,False,False
EMP_1187,40.0,1.0,71422,No,0,1,0,0,0,1,True,False,False
EMP_1188,22.0,3.0,52205,No,0,0,1,0,0,1,True,False,False
EMP_1189,30.0,7.0,63527,No,0,1,0,0,0,1,False,True,False
EMP_1190,40.0,10.0,58443,No,0,0,1,0,0,1,False,True,False
EMP_1191,22.0,2.0,56524,No,0,1,0,0,1,0,True,False,False
EMP_1192,35.0,10.0,68202,No,0,0,0,1,1,0,False,True,False
EMP_1193,30.0,5.0,105552,No,0,0,0,1,0,1,True,False,False
EMP_1194,35.0,3.0,86142,No,0,1,0,0,0,1,False,True,False
EMP_1195,22.0,1.0,101692,No,0,1,0,0,0,1,True,False,False
EMP_1196,50.0,10.0,60855,No,0,0,0,1,0,1,False,False,True
EMP_1197,33.69500438212095,2.0,100372,No,0,0,1,0,0,1,True,False,False
EMP_1198,33.69500438212095,2.0,65095,Yes,0,0,0,1,0,1,True,False,False
EMP_1199,40.0,2.0,78724,No,0,0,1,0,1,0,False,True,False
EMP_1200,25.0,10.0,89241,No,0,1,0,0,1,0,False,True,False
